epoch,step,train/aeloss_epoch,train/aeloss_step,train/codebook_usage_epoch,train/codebook_usage_step,train/commitment_loss_epoch,train/commitment_loss_step,train/mse,train/perceptual_loss_epoch,train/perceptual_loss_step,train/perplexity_epoch,train/perplexity_step,train/psnr,train/recon_loss_epoch,train/recon_loss_step,val/codebook_usage_%,val/codebook_usage_count,val/commitment_loss,val/perceptual_loss,val/perplexity,val/psnr,val/recon_loss,val/ssim
0,49,,0.0,,141.0,,0.012948239222168922,0.4010024964809418,,0.0,,31.138896942138672,9.989129066467285,,0.2479710578918457,,,,,,,,
0,99,,0.0,,155.0,,0.007104210555553436,0.4010024964809418,,0.0,,48.875850677490234,9.989129066467285,,0.10292762517929077,,,,,,,,
0,149,,0.0,,51.0,,0.06364854425191879,0.011098897084593773,,0.0,,4.065243244171143,25.567798614501953,,0.14017584919929504,,,,,,,,
0,199,,0.0,,195.0,,0.01256026141345501,0.011098897084593773,,0.0,,47.59846878051758,25.567798614501953,,0.10060232877731323,,,,,,,,
0,249,,0.0,,226.0,,0.022413715720176697,0.00849103182554245,,0.0,,26.668840408325195,26.73099136352539,,0.09293709695339203,,,,,,,,
0,299,,0.0,,271.0,,0.0043438877910375595,0.00849103182554245,,0.0,,54.77385330200195,26.73099136352539,,0.12710870802402496,,,,,,,,
0,349,,0.0,,225.0,,0.003950818907469511,0.010225293226540089,,0.0,,45.63637924194336,25.923839569091797,,0.09045027196407318,,,,,,,,
0,399,,0.0,,269.0,,0.0037731900811195374,0.010225293226540089,,0.0,,57.63225173950195,25.923839569091797,,0.13089191913604736,,,,,,,,
0,449,,0.0,,285.0,,0.003093211678788066,0.007697403430938721,,0.0,,62.09849166870117,27.15715217590332,,0.05502455681562424,,,,,,,,
0,499,,0.0,,121.0,,0.0026073427870869637,0.007697403430938721,,0.0,,16.413408279418945,27.15715217590332,,0.09086921811103821,,,,,,,,
0,549,,0.0,,270.0,,0.0029166226740926504,0.006484865210950375,,0.0,,74.99299621582031,27.90158462524414,,0.08520320057868958,,,,,,,,
0,599,,0.0,,248.0,,0.0027772437315434217,0.006484865210950375,,0.0,,64.11302185058594,27.90158462524414,,0.06465448439121246,,,,,,,,
0,649,,0.0,,111.0,,0.0030849454924464226,0.008061898872256279,,0.0,,25.387483596801758,26.956222534179688,,0.0706133097410202,,,,,,,,
0,699,,0.0,,191.0,,0.002250268356874585,0.008061898872256279,,0.0,,21.418821334838867,26.956222534179688,,0.11551392078399658,,,,,,,,
0,749,,0.0,,186.0,,0.0026172827929258347,0.013976570218801498,,0.0,,49.86949920654297,24.566591262817383,,0.0570632740855217,,,,,,,,
0,799,,0.0,,273.0,,0.002129269763827324,0.013976570218801498,,0.0,,66.61405181884766,24.566591262817383,,0.041755788028240204,,,,,,,,
0,849,,0.0,,296.0,,0.0025627100840210915,0.005166145041584969,,0.0,,51.7927360534668,28.888927459716797,,0.06120508909225464,,,,,,,,
0,899,,0.0,,242.0,,0.002504360396414995,0.005166145041584969,,0.0,,55.487491607666016,28.888927459716797,,0.08275045454502106,,,,,,,,
0,949,,0.0,,196.0,,0.0032497039064764977,0.011086779646575451,,0.0,,43.64535140991211,25.572540283203125,,0.05040076747536659,,,,,,,,
0,999,,0.0,,266.0,,0.0023152739740908146,0.011086779646575451,,0.0,,49.76799011230469,25.572540283203125,,0.06897623091936111,,,,,,,,
0,1049,,0.0,,309.0,,0.0020284592173993587,0.006271336227655411,,0.0,,78.6854248046875,28.046993255615234,,0.0656735748052597,,,,,,,,
0,1078,,,,,,,,,,,,,,,42.28443145751953,216.4962921142578,0.0025652109179645777,0.0,43.20361328125,27.441438674926758,0.06136958673596382,0.9131571054458618
0,1078,0.0,,215.79083251953125,,0.006412445567548275,,,0.0,,42.35878372192383,,,0.08132083714008331,,,,,,,,,
1,1099,,0.0,,233.0,,0.0022217603400349617,0.007738335989415646,,0.0,,46.11224365234375,27.13412094116211,,0.09531078487634659,,,,,,,,
1,1149,,0.0,,124.0,,0.0025591778103262186,0.007738335989415646,,0.0,,17.849098205566406,27.13412094116211,,0.05528482794761658,,,,,,,,
1,1199,,0.0,,273.0,,0.0013721147552132607,0.0064493995159864426,,0.0,,38.44696044921875,27.925403594970703,,0.04353209584951401,,,,,,,,
1,1249,,0.0,,149.0,,0.0042946962639689445,0.0064493995159864426,,0.0,,21.100061416625977,27.925403594970703,,0.042806416749954224,,,,,,,,
1,1299,,0.0,,291.0,,0.0015333924675360322,0.003210540395230055,,0.0,,49.102230072021484,30.95480728149414,,0.03527918830513954,,,,,,,,
1,1349,,0.0,,179.0,,0.0024622001219540834,0.003210540395230055,,0.0,,30.687570571899414,30.95480728149414,,0.039019547402858734,,,,,,,,
1,1399,,0.0,,160.0,,0.0034044519998133183,0.0072756577283144,,0.0,,30.039752960205078,27.401870727539062,,0.0408073291182518,,,,,,,,
1,1449,,0.0,,153.0,,0.0034875820856541395,0.0072756577283144,,0.0,,26.14502716064453,27.401870727539062,,0.03366215527057648,,,,,,,,
1,1499,,0.0,,282.0,,0.0013064586091786623,0.004093310795724392,,0.0,,42.62496566772461,29.899843215942383,,0.03276975080370903,,,,,,,,
1,1549,,0.0,,274.0,,0.0012719322694465518,0.004093310795724392,,0.0,,45.156551361083984,29.899843215942383,,0.031938403844833374,,,,,,,,
1,1599,,0.0,,134.0,,0.0020093382336199284,0.003811514936387539,,0.0,,31.04961585998535,30.209613800048828,,0.04503341764211655,,,,,,,,
1,1649,,0.0,,306.0,,0.0028231600299477577,0.003811514936387539,,0.0,,66.6278305053711,30.209613800048828,,0.04561582952737808,,,,,,,,
1,1699,,0.0,,288.0,,0.0017326411325484514,0.003188147209584713,,0.0,,73.97372436523438,30.985204696655273,,0.053763337433338165,,,,,,,,
1,1749,,0.0,,178.0,,0.0014793985756114125,0.003188147209584713,,0.0,,37.141841888427734,30.985204696655273,,0.058770518749952316,,,,,,,,
1,1799,,0.0,,185.0,,0.002461526542901993,0.009235341101884842,,0.0,,48.0909309387207,26.366065979003906,,0.05698075145483017,,,,,,,,
1,1849,,0.0,,293.0,,0.0017711776308715343,0.009235341101884842,,0.0,,57.306182861328125,26.366065979003906,,0.03436143696308136,,,,,,,,
1,1899,,0.0,,242.0,,0.0013343344908207655,0.0024180756881833076,,0.0,,33.268680572509766,32.18588638305664,,0.044259533286094666,,,,,,,,
1,1949,,0.0,,188.0,,0.0012887214543297887,0.0024180756881833076,,0.0,,45.5268669128418,32.18588638305664,,0.03949376940727234,,,,,,,,
1,1999,,0.0,,202.0,,0.0014498517848551273,0.008455261588096619,,0.0,,41.06019592285156,26.749324798583984,,0.043639108538627625,,,,,,,,
1,2049,,0.0,,135.0,,0.0015851331409066916,0.008455261588096619,,0.0,,34.85270690917969,26.749324798583984,,0.028163127601146698,,,,,,,,
1,2099,,0.0,,276.0,,0.0013056208845227957,0.004873010795563459,,0.0,,58.34139633178711,29.14261817932129,,0.03415577858686447,,,,,,,,
1,2149,,0.0,,138.0,,0.0017293216660618782,0.004873010795563459,,0.0,,29.22447967529297,29.14261817932129,,0.04324543476104736,,,,,,,,
1,2157,,,,,,,,,,,,,,,42.905094146728516,219.674072265625,0.0019352268427610397,0.0,43.8392448425293,29.448087692260742,0.04945138469338417,0.9304520487785339
1,2157,0.0,,212.738525390625,,0.002185448305681348,,,0.0,,42.17551803588867,,,0.05101200193166733,,,,,,,,,
2,2199,,0.0,,170.0,,0.0021602436900138855,0.00733986496925354,,0.0,,33.10981369018555,27.36371612548828,,0.032017726451158524,,,,,,,,
2,2249,,0.0,,133.0,,0.0025852585677057505,0.00733986496925354,,0.0,,26.00806427001953,27.36371612548828,,0.026713306084275246,,,,,,,,
2,2299,,0.0,,184.0,,0.002552362158894539,0.0033201402984559536,,0.0,,18.846729278564453,30.809022903442383,,0.0676916092634201,,,,,,,,
2,2349,,0.0,,265.0,,0.001595658017322421,0.0033201402984559536,,0.0,,31.51078224182129,30.809022903442383,,0.06638140976428986,,,,,,,,
2,2399,,0.0,,207.0,,0.002174204681068659,0.001808550558052957,,0.0,,25.224809646606445,33.447269439697266,,0.07371696829795837,,,,,,,,
2,2449,,0.0,,177.0,,0.00139157276134938,0.001808550558052957,,0.0,,41.05381393432617,33.447269439697266,,0.051321886479854584,,,,,,,,
2,2499,,0.0,,169.0,,0.0021257034968584776,0.004879464861005545,,0.0,,36.90383529663086,29.136869430541992,,0.03785164654254913,,,,,,,,
2,2549,,0.0,,301.0,,0.0012051742523908615,0.004879464861005545,,0.0,,66.41275024414062,29.136869430541992,,0.031179580837488174,,,,,,,,
2,2599,,0.0,,225.0,,0.0014595311367884278,0.0031271548941731453,,0.0,,43.110572814941406,31.069091796875,,0.05574660003185272,,,,,,,,
2,2649,,0.0,,200.0,,0.0014344375813379884,0.0031271548941731453,,0.0,,45.64826202392578,31.069091796875,,0.038622017949819565,,,,,,,,
2,2699,,0.0,,258.0,,0.001553843729197979,0.002549855038523674,,0.0,,42.21284103393555,31.955429077148438,,0.05460946261882782,,,,,,,,
2,2749,,0.0,,149.0,,0.0023663369938731194,0.002549855038523674,,0.0,,37.04616165161133,31.955429077148438,,0.04884999990463257,,,,,,,,
2,2799,,0.0,,228.0,,0.001286735525354743,0.0027313714381307364,,0.0,,49.25069808959961,31.65677833557129,,0.05566590279340744,,,,,,,,
2,2849,,0.0,,18.0,,0.009230472147464752,0.0027313714381307364,,0.0,,4.973875045776367,31.65677833557129,,0.0359501913189888,,,,,,,,
2,2899,,0.0,,280.0,,0.0013767958153039217,0.008050933480262756,,0.0,,69.31232452392578,26.96213150024414,,0.04059358313679695,,,,,,,,
2,2949,,0.0,,147.0,,0.001610922859981656,0.008050933480262756,,0.0,,35.22134017944336,26.96213150024414,,0.055214934051036835,,,,,,,,
2,2999,,0.0,,316.0,,0.0012770360335707664,0.0023030799347907305,,0.0,,69.60152435302734,32.397491455078125,,0.03772834688425064,,,,,,,,
2,3049,,0.0,,196.0,,0.0014502594713121653,0.0023030799347907305,,0.0,,51.69292068481445,32.397491455078125,,0.036346860229969025,,,,,,,,
2,3099,,0.0,,185.0,,0.001707961200736463,0.006923431530594826,,0.0,,18.068946838378906,27.617380142211914,,0.059023305773735046,,,,,,,,
2,3149,,0.0,,270.0,,0.001734119956381619,0.006923431530594826,,0.0,,48.4908332824707,27.617380142211914,,0.05404230207204819,,,,,,,,
2,3199,,0.0,,319.0,,0.0012888740748167038,0.002939159981906414,,0.0,,81.20404815673828,31.33835220336914,,0.03552361577749252,,,,,,,,
2,3236,,,,,,,,,,,,,,,43.598812103271484,223.22592163085938,0.0017597076948732138,0.0,41.5006217956543,30.404563903808594,0.04339192807674408,0.9395877122879028
2,3236,0.0,,217.85780334472656,,0.0018033672822639346,,,0.0,,42.94120407104492,,,0.04611208662390709,,,,,,,,,
3,3249,,0.0,,271.0,,0.0013088500127196312,0.0052942498587071896,,0.0,,57.86806106567383,28.782548904418945,,0.03861972317099571,,,,,,,,
3,3299,,0.0,,277.0,,0.0016892831772565842,0.0052942498587071896,,0.0,,52.06736373901367,28.782548904418945,,0.04462655633687973,,,,,,,,
3,3349,,0.0,,84.0,,0.0024795765057206154,0.0022028465755283833,,0.0,,18.912899017333984,32.59074020385742,,0.05737864971160889,,,,,,,,
3,3399,,0.0,,218.0,,0.0017066282453015447,0.0022028465755283833,,0.0,,18.425945281982422,32.59074020385742,,0.08930464088916779,,,,,,,,
3,3449,,0.0,,302.0,,0.0011318591423332691,0.0015517930733039975,,0.0,,63.41017150878906,34.11223602294922,,0.033811330795288086,,,,,,,,
3,3499,,0.0,,194.0,,0.0011478625237941742,0.0015517930733039975,,0.0,,22.93206024169922,34.11223602294922,,0.051730163395404816,,,,,,,,
3,3549,,0.0,,336.0,,0.0014685146743431687,0.004747988656163216,,0.0,,81.0929946899414,29.255495071411133,,0.03652932494878769,,,,,,,,
3,3599,,0.0,,173.0,,0.0014398102648556232,0.004747988656163216,,0.0,,26.51035499572754,29.255495071411133,,0.03295811265707016,,,,,,,,
3,3649,,0.0,,149.0,,0.0012326566502451897,0.0024954392574727535,,0.0,,18.76116371154785,32.04911422729492,,0.03327661007642746,,,,,,,,
3,3699,,0.0,,225.0,,0.0012788975145667791,0.0024954392574727535,,0.0,,55.8007698059082,32.04911422729492,,0.03550059720873833,,,,,,,,
3,3749,,0.0,,192.0,,0.0011687383521348238,0.00172055559232831,,0.0,,47.07716369628906,33.66388702392578,,0.04598679393529892,,,,,,,,
3,3799,,0.0,,118.0,,0.0006693428149446845,0.00172055559232831,,0.0,,6.113903999328613,33.66388702392578,,0.037520330399274826,,,,,,,,
3,3849,,0.0,,207.0,,0.0012462055310606956,0.00268224673345685,,0.0,,55.91786193847656,31.735595703125,,0.052188366651535034,,,,,,,,
3,3899,,0.0,,286.0,,0.0012291503371670842,0.00268224673345685,,0.0,,52.682769775390625,31.735595703125,,0.0438837930560112,,,,,,,,
3,3949,,0.0,,275.0,,0.0014187516644597054,0.006548456847667694,,0.0,,36.56990051269531,27.859203338623047,,0.0479971244931221,,,,,,,,
3,3999,,0.0,,125.0,,0.001898875110782683,0.006548456847667694,,0.0,,26.251211166381836,27.859203338623047,,0.0404844731092453,,,,,,,,
3,4049,,0.0,,250.0,,0.00108334980905056,0.0020046872086822987,,0.0,,44.099544525146484,33.0001106262207,,0.02645730972290039,,,,,,,,
3,4099,,0.0,,317.0,,0.0013304401654750109,0.0020046872086822987,,0.0,,59.82062530517578,33.0001106262207,,0.034101709723472595,,,,,,,,
3,4149,,0.0,,117.0,,0.0018593468703329563,0.007085006684064865,,0.0,,25.041053771972656,27.517189025878906,,0.04167388379573822,,,,,,,,
3,4199,,0.0,,281.0,,0.0011454365449026227,0.007085006684064865,,0.0,,68.06809997558594,27.517189025878906,,0.04309317469596863,,,,,,,,
3,4249,,0.0,,129.0,,0.0014456211356446147,0.0025062323547899723,,0.0,,25.820560455322266,32.03036880493164,,0.04155697673559189,,,,,,,,
3,4299,,0.0,,307.0,,0.000803181086666882,0.0025062323547899723,,0.0,,42.52657699584961,32.03036880493164,,0.036146581172943115,,,,,,,,
3,4315,,,,,,,,,,,,,,,45.46947479248047,232.8037109375,0.0015696646878495812,0.0,44.945343017578125,30.013565063476562,0.047795847058296204,0.9283078908920288
3,4315,0.0,,227.9743194580078,,0.0015171513659879565,,,0.0,,43.7322998046875,,,0.04205329716205597,,,,,,,,,
4,4349,,0.0,,318.0,,0.0011169638019055128,0.005098790396004915,,0.0,,67.57127380371094,28.945920944213867,,0.034746427088975906,,,,,,,,
4,4399,,0.0,,278.0,,0.0012432422954589128,0.005098790396004915,,0.0,,46.06722640991211,28.945920944213867,,0.06464911997318268,,,,,,,,
4,4449,,0.0,,325.0,,0.0017349340487271547,0.0019680014811456203,,0.0,,48.37155532836914,33.080322265625,,0.055088795721530914,,,,,,,,
4,4499,,0.0,,338.0,,0.0012922383612021804,0.0019680014811456203,,0.0,,80.1076889038086,33.080322265625,,0.02699795737862587,,,,,,,,
4,4549,,0.0,,152.0,,0.0012049170909449458,0.0021259915083646774,,0.0,,39.12554931640625,32.744964599609375,,0.038607850670814514,,,,,,,,
4,4599,,0.0,,111.0,,0.0022515268065035343,0.0021259915083646774,,0.0,,20.841516494750977,32.744964599609375,,0.07116075605154037,,,,,,,,
4,4649,,0.0,,181.0,,0.001820037025026977,0.004178744740784168,,0.0,,37.495235443115234,29.81013298034668,,0.0389990359544754,,,,,,,,
4,4699,,0.0,,206.0,,0.001159141887910664,0.004178744740784168,,0.0,,53.2680778503418,29.81013298034668,,0.04439626634120941,,,,,,,,
4,4749,,0.0,,311.0,,0.0008995350217446685,0.0022042233031243086,,0.0,,53.39250564575195,32.5880241394043,,0.02508358471095562,,,,,,,,
4,4799,,0.0,,320.0,,0.001516837626695633,0.0022042233031243086,,0.0,,66.38412475585938,32.5880241394043,,0.03143981844186783,,,,,,,,
4,4849,,0.0,,169.0,,0.001532727386802435,0.001741152023896575,,0.0,,18.534244537353516,33.61220932006836,,0.03146748244762421,,,,,,,,
4,4899,,0.0,,230.0,,0.0012410975759848952,0.001741152023896575,,0.0,,28.136075973510742,33.61220932006836,,0.03140559047460556,,,,,,,,
4,4949,,0.0,,323.0,,0.0010307941120117903,0.0031949325930327177,,0.0,,60.65220260620117,30.975971221923828,,0.026759549975395203,,,,,,,,
4,4999,,0.0,,165.0,,0.0013018101453781128,0.0031949325930327177,,0.0,,14.255640983581543,30.975971221923828,,0.034514419734478,,,,,,,,
4,5049,,0.0,,163.0,,0.001267320942133665,0.006936362478882074,,0.0,,32.04661178588867,27.609275817871094,,0.028272118419408798,,,,,,,,
4,5099,,0.0,,227.0,,0.001055688364431262,0.006936362478882074,,0.0,,43.74647903442383,27.609275817871094,,0.04312469810247421,,,,,,,,
4,5149,,0.0,,252.0,,0.000981055898591876,0.0022171414457261562,,0.0,,38.143497467041016,32.562644958496094,,0.03914118558168411,,,,,,,,
4,5199,,0.0,,236.0,,0.0010727872140705585,0.0022171414457261562,,0.0,,47.856292724609375,32.562644958496094,,0.04874306172132492,,,,,,,,
4,5249,,0.0,,318.0,,0.000812219746876508,0.007033906877040863,,0.0,,48.18600845336914,27.548627853393555,,0.02705191634595394,,,,,,,,
4,5299,,0.0,,334.0,,0.0008736379677429795,0.007033906877040863,,0.0,,63.51530075073242,27.548627853393555,,0.03242475539445877,,,,,,,,
4,5349,,0.0,,301.0,,0.0009977099252864718,0.0021879870910197496,,0.0,,32.28127670288086,32.62013244628906,,0.03409663587808609,,,,,,,,
4,5394,,,,,,,,,,,,,,,50.13020706176758,256.6666564941406,0.0015082149766385555,0.0,45.82737350463867,31.575700759887695,0.040138471871614456,0.9518997669219971
4,5394,0.0,,245.2550506591797,,0.0014329146360978484,,,0.0,,45.508819580078125,,,0.04034866392612457,,,,,,,,,
5,5399,,0.0,,182.0,,0.0019834002014249563,0.0042328061535954475,,0.0,,30.80200958251953,29.754304885864258,,0.048540711402893066,,,,,,,,
5,5449,,0.0,,244.0,,0.0012320770183578134,0.0042328061535954475,,0.0,,59.11445236206055,29.754304885864258,,0.03372480720281601,,,,,,,,
5,5499,,0.0,,300.0,,0.0013249239418655634,0.0021361103281378746,,0.0,,77.76185607910156,32.72434616088867,,0.029733523726463318,,,,,,,,
5,5549,,0.0,,268.0,,0.0010656595695763826,0.0021361103281378746,,0.0,,33.99632263183594,32.72434616088867,,0.03039190173149109,,,,,,,,
5,5599,,0.0,,249.0,,0.0010925030801445246,0.0015745253767818213,,0.0,,40.60388946533203,34.049076080322266,,0.04482148587703705,,,,,,,,
5,5649,,0.0,,322.0,,0.0015695396577939391,0.0015745253767818213,,0.0,,96.3082046508789,34.049076080322266,,0.030598357319831848,,,,,,,,
5,5699,,0.0,,342.0,,0.0010641503613442183,0.003419829299673438,,0.0,,68.19017791748047,30.680543899536133,,0.024989310652017593,,,,,,,,
5,5749,,0.0,,241.0,,0.0010133502073585987,0.003419829299673438,,0.0,,50.2617073059082,30.680543899536133,,0.02818886563181877,,,,,,,,
5,5799,,0.0,,183.0,,0.0013223194982856512,0.0019150420557707548,,0.0,,22.969894409179688,33.198795318603516,,0.03164379298686981,,,,,,,,
5,5849,,0.0,,190.0,,0.0015969935338944197,0.0019150420557707548,,0.0,,37.144287109375,33.198795318603516,,0.03130052238702774,,,,,,,,
5,5899,,0.0,,341.0,,0.001185655826702714,0.0016190949827432632,,0.0,,48.635868072509766,33.92784881591797,,0.02939312346279621,,,,,,,,
5,5949,,0.0,,290.0,,0.0010393984848633409,0.0016190949827432632,,0.0,,21.723583221435547,33.92784881591797,,0.023492179811000824,,,,,,,,
5,5999,,0.0,,159.0,,0.0033069485798478127,0.0018598194001242518,,0.0,,24.9210205078125,33.325870513916016,,0.03368258848786354,,,,,,,,
5,6049,,0.0,,344.0,,0.0015081334859132767,0.0018598194001242518,,0.0,,62.36529541015625,33.325870513916016,,0.05816160887479782,,,,,,,,
5,6099,,0.0,,351.0,,0.001070348429493606,0.006184488069266081,,0.0,,73.47740936279297,28.10755729675293,,0.027728116139769554,,,,,,,,
5,6149,,0.0,,274.0,,0.0012993707787245512,0.006184488069266081,,0.0,,72.03372192382812,28.10755729675293,,0.03818356245756149,,,,,,,,
5,6199,,0.0,,339.0,,0.0010192259214818478,0.002093171002343297,,0.0,,67.59947204589844,32.81253433227539,,0.034118011593818665,,,,,,,,
5,6249,,0.0,,378.0,,0.0018570448737591505,0.002093171002343297,,0.0,,57.54262924194336,32.81253433227539,,0.050182539969682693,,,,,,,,
5,6299,,0.0,,266.0,,0.000990219064988196,0.005363328382372856,,0.0,,39.64321517944336,28.72624969482422,,0.03181805461645126,,,,,,,,
5,6349,,0.0,,287.0,,0.0011734915897250175,0.005363328382372856,,0.0,,61.615970611572266,28.72624969482422,,0.03369155526161194,,,,,,,,
5,6399,,0.0,,381.0,,0.0016538826748728752,0.0019173178588971496,,0.0,,110.38673400878906,33.193634033203125,,0.045284152030944824,,,,,,,,
5,6449,,0.0,,266.0,,0.0009538686135783792,0.0019173178588971496,,0.0,,55.59992218017578,33.193634033203125,,0.026947984471917152,,,,,,,,
5,6473,,,,,,,,,,,,,,,54.620948791503906,279.6592712402344,0.001349126803688705,0.0,51.16328811645508,32.14744186401367,0.034779034554958344,0.9540183544158936
5,6473,0.0,,269.38348388671875,,0.001381538575515151,,,0.0,,48.14426040649414,,,0.03829040750861168,,,,,,,,,
6,6499,,0.0,,279.0,,0.00106418551877141,0.00426466204226017,,0.0,,62.01359558105469,29.72174644470215,,0.029376670718193054,,,,,,,,
6,6549,,0.0,,348.0,,0.0009854084346443415,0.00426466204226017,,0.0,,69.18601989746094,29.72174644470215,,0.02274010330438614,,,,,,,,
6,6599,,0.0,,164.0,,0.001086920383386314,0.0016764849424362183,,0.0,,36.357749938964844,33.77657699584961,,0.02201121672987938,,,,,,,,
6,6649,,0.0,,336.0,,0.0008715305011719465,0.0016764849424362183,,0.0,,28.674209594726562,33.77657699584961,,0.03924509882926941,,,,,,,,
6,6699,,0.0,,276.0,,0.0010557473869994283,0.001273946836590767,,0.0,,38.55641555786133,34.96905517578125,,0.044837258756160736,,,,,,,,
6,6749,,0.0,,266.0,,0.002783728064969182,0.001273946836590767,,0.0,,48.39838790893555,34.96905517578125,,0.06171836704015732,,,,,,,,
6,6799,,0.0,,255.0,,0.0016397892031818628,0.0030049674678593874,,0.0,,30.937938690185547,31.2421875,,0.04293716326355934,,,,,,,,
6,6849,,0.0,,365.0,,0.0008693721611052752,0.0030049674678593874,,0.0,,57.174678802490234,31.2421875,,0.0300249382853508,,,,,,,,
6,6899,,0.0,,146.0,,0.0010304348543286324,0.0018070319201797247,,0.0,,28.109371185302734,33.45092010498047,,0.048774585127830505,,,,,,,,
6,6949,,0.0,,255.0,,0.0031057463493198156,0.0018070319201797247,,0.0,,51.00432586669922,33.45092010498047,,0.04817216470837593,,,,,,,,
6,6999,,0.0,,362.0,,0.0008767916006036103,0.0015136967413127422,,0.0,,64.97686004638672,34.220184326171875,,0.023090600967407227,,,,,,,,
6,7049,,0.0,,358.0,,0.0012083129258826375,0.0015136967413127422,,0.0,,77.58963012695312,34.220184326171875,,0.025915641337633133,,,,,,,,
6,7099,,0.0,,365.0,,0.0017842117231339216,0.0018696734914556146,,0.0,,54.79749298095703,33.302921295166016,,0.05099707841873169,,,,,,,,
6,7149,,0.0,,359.0,,0.0014093188801780343,0.0018696734914556146,,0.0,,85.31962585449219,33.302921295166016,,0.029487870633602142,,,,,,,,
6,7199,,0.0,,402.0,,0.0018196611199527979,0.0062641119584441185,,0.0,,69.0562515258789,28.051998138427734,,0.06581850349903107,,,,,,,,
6,7249,,0.0,,387.0,,0.0009689918369986117,0.0062641119584441185,,0.0,,75.3188705444336,28.051998138427734,,0.024234367534518242,,,,,,,,
6,7299,,0.0,,376.0,,0.0007482203654944897,0.001497161341831088,,0.0,,44.92026138305664,34.267887115478516,,0.023884914815425873,,,,,,,,
6,7349,,0.0,,246.0,,0.0014456252101808786,0.001497161341831088,,0.0,,19.697525024414062,34.267887115478516,,0.03557726740837097,,,,,,,,
6,7399,,0.0,,375.0,,0.0016186947468668222,0.006119750905781984,,0.0,,68.31124114990234,28.153257369995117,,0.0665561854839325,,,,,,,,
6,7449,,0.0,,332.0,,0.00135146570391953,0.006119750905781984,,0.0,,76.64967346191406,28.153257369995117,,0.06873564422130585,,,,,,,,
6,7499,,0.0,,400.0,,0.001702293986454606,0.002331018215045333,,0.0,,78.13056182861328,32.34512710571289,,0.053869083523750305,,,,,,,,
6,7549,,0.0,,301.0,,0.0009658866329118609,0.002331018215045333,,0.0,,63.534080505371094,32.34512710571289,,0.0317082554101944,,,,,,,,
6,7552,,,,,,,,,,,,,,,59.47048568725586,304.4888916015625,0.0013525868998840451,0.0,55.34676742553711,32.75617980957031,0.03173518553376198,0.9549334645271301
6,7552,0.0,,292.2256774902344,,0.0013331418158486485,,,0.0,,51.566776275634766,,,0.036594457924366,,,,,,,,,
7,7599,,0.0,,369.0,,0.0010481562931090593,0.0037060945760458708,,0.0,,61.43232345581055,30.331422805786133,,0.022496627643704414,,,,,,,,
7,7649,,0.0,,383.0,,0.0007122784736566246,0.0037060945760458708,,0.0,,55.61349868774414,30.331422805786133,,0.022275662049651146,,,,,,,,
7,7699,,0.0,,218.0,,0.0010781660676002502,0.0014934560749679804,,0.0,,22.86846351623535,34.278648376464844,,0.02692415565252304,,,,,,,,
7,7749,,0.0,,401.0,,0.0009875476825982332,0.0014934560749679804,,0.0,,53.520084381103516,34.278648376464844,,0.0262664295732975,,,,,,,,
7,7799,,0.0,,309.0,,0.0009658749913796782,0.001297195442020893,,0.0,,64.19757080078125,34.8905143737793,,0.02700885757803917,,,,,,,,
7,7849,,0.0,,331.0,,0.0008539758855476975,0.001297195442020893,,0.0,,33.18498611450195,34.8905143737793,,0.02950659766793251,,,,,,,,
7,7899,,0.0,,388.0,,0.0013930193381384015,0.0026607182808220387,,0.0,,138.76133728027344,31.770593643188477,,0.0508505254983902,,,,,,,,
7,7949,,0.0,,310.0,,0.0009240115759894252,0.0026607182808220387,,0.0,,50.94951248168945,31.770593643188477,,0.03226592764258385,,,,,,,,
7,7999,,0.0,,355.0,,0.0007963382522575557,0.0017400665674358606,,0.0,,69.6266860961914,33.61491775512695,,0.024196544662117958,,,,,,,,
7,8049,,0.0,,308.0,,0.0028614113107323647,0.0017400665674358606,,0.0,,57.45795822143555,33.61491775512695,,0.03523309528827667,,,,,,,,
7,8099,,0.0,,377.0,,0.000626240624114871,0.0013863061321899295,,0.0,,59.942893981933594,34.60197830200195,,0.025781190022826195,,,,,,,,
7,8149,,0.0,,352.0,,0.001077887136489153,0.0013863061321899295,,0.0,,61.74302673339844,34.60197830200195,,0.02494237571954727,,,,,,,,
7,8199,,0.0,,220.0,,0.001242488157004118,0.0015127493534237146,,0.0,,30.165565490722656,34.222900390625,,0.03489215299487114,,,,,,,,
7,8249,,0.0,,299.0,,0.0023117680102586746,0.0015127493534237146,,0.0,,56.88674545288086,34.222900390625,,0.056877315044403076,,,,,,,,
7,8299,,0.0,,352.0,,0.0012809296604245901,0.005019817501306534,,0.0,,32.5384521484375,29.01371192932129,,0.02555890753865242,,,,,,,,
7,8349,,0.0,,368.0,,0.0009634956950321794,0.005019817501306534,,0.0,,62.16292953491211,29.01371192932129,,0.024383898824453354,,,,,,,,
7,8399,,0.0,,211.0,,0.0008872285252436996,0.0020112795755267143,,0.0,,30.72936248779297,32.98585510253906,,0.02297874726355076,,,,,,,,
7,8449,,0.0,,334.0,,0.0009628608240745962,0.0020112795755267143,,0.0,,81.0849838256836,32.98585510253906,,0.04344404488801956,,,,,,,,
7,8499,,0.0,,76.0,,0.0005527001922018826,0.004532940685749054,,0.0,,12.570425033569336,29.456790924072266,,0.027733953669667244,,,,,,,,
7,8549,,0.0,,385.0,,0.0008681342587806284,0.004532940685749054,,0.0,,61.83545684814453,29.456790924072266,,0.025942500680685043,,,,,,,,
7,8599,,0.0,,414.0,,0.0010917098261415958,0.0020493429619818926,,0.0,,89.94221496582031,32.90443420410156,,0.037713777273893356,,,,,,,,
7,8631,,,,,,,,,,,,,,,61.26519012451172,313.6777648925781,0.0013466827804222703,0.0,54.879337310791016,31.432327270507812,0.03997549042105675,0.9437891244888306
7,8631,0.0,,311.3999938964844,,0.0012600708287209272,,,0.0,,54.84695816040039,,,0.03498098999261856,,,,,,,,,
8,8649,,0.0,,177.0,,0.0010474743321537971,0.0036104777827858925,,0.0,,29.24921226501465,30.444942474365234,,0.0371425561606884,,,,,,,,
8,8699,,0.0,,165.0,,0.0014198097633197904,0.0036104777827858925,,0.0,,26.366600036621094,30.444942474365234,,0.044541023671627045,,,,,,,,
8,8749,,0.0,,379.0,,0.0007787013310007751,0.001672837301157415,,0.0,,46.345951080322266,33.78603744506836,,0.05522523075342178,,,,,,,,
8,8799,,0.0,,409.0,,0.0008869767771102488,0.001672837301157415,,0.0,,75.13166046142578,33.78603744506836,,0.02505473420023918,,,,,,,,
8,8849,,0.0,,360.0,,0.0007064493838697672,0.0012371302582323551,,0.0,,78.37164306640625,35.096412658691406,,0.02325444668531418,,,,,,,,
8,8899,,0.0,,391.0,,0.0008102881256490946,0.0012371302582323551,,0.0,,78.02702331542969,35.096412658691406,,0.01937228813767433,,,,,,,,
8,8949,,0.0,,348.0,,0.0017716304864734411,0.002660965546965599,,0.0,,96.76535034179688,31.770191192626953,,0.06965447962284088,,,,,,,,
8,8999,,0.0,,427.0,,0.001142991939559579,0.002660965546965599,,0.0,,96.1247787475586,31.770191192626953,,0.023901978507637978,,,,,,,,
8,9049,,0.0,,416.0,,0.0010515989270061255,0.0015053069218993187,,0.0,,78.58662414550781,34.244319915771484,,0.03727739676833153,,,,,,,,
8,9099,,0.0,,218.0,,0.0012567387893795967,0.0015053069218993187,,0.0,,24.359689712524414,34.244319915771484,,0.022787652909755707,,,,,,,,
8,9149,,0.0,,397.0,,0.000811463687568903,0.0014667136128991842,,0.0,,61.6316032409668,34.35711669921875,,0.031472787261009216,,,,,,,,
8,9199,,0.0,,399.0,,0.0011035010684281588,0.0014667136128991842,,0.0,,118.48462677001953,34.35711669921875,,0.03013235703110695,,,,,,,,
8,9249,,0.0,,184.0,,0.0015980711905285716,0.0014982831198722124,,0.0,,26.45507049560547,34.26463317871094,,0.044110145419836044,,,,,,,,
8,9299,,0.0,,229.0,,0.0010376707650721073,0.0014982831198722124,,0.0,,33.382755279541016,34.26463317871094,,0.027108676731586456,,,,,,,,
8,9349,,0.0,,182.0,,0.0014699973398819566,0.0050093792378902435,,0.0,,31.988285064697266,29.022750854492188,,0.04845290631055832,,,,,,,,
8,9399,,0.0,,332.0,,0.0008177368436008692,0.0050093792378902435,,0.0,,49.05107116699219,29.022750854492188,,0.028700754046440125,,,,,,,,
8,9449,,0.0,,439.0,,0.0015800581313669682,0.001469954033382237,,0.0,,61.082740783691406,34.3475341796875,,0.05227498710155487,,,,,,,,
8,9499,,0.0,,352.0,,0.0010558279464021325,0.001469954033382237,,0.0,,81.55756378173828,34.3475341796875,,0.03265133500099182,,,,,,,,
8,9549,,0.0,,342.0,,0.0015832165954634547,0.00635390542447567,,0.0,,59.909122467041016,27.99018669128418,,0.026541786268353462,,,,,,,,
8,9599,,0.0,,403.0,,0.0010636887745931745,0.00635390542447567,,0.0,,103.8923110961914,27.99018669128418,,0.023944877088069916,,,,,,,,
8,9649,,0.0,,436.0,,0.0012922276509925723,0.0019987826235592365,,0.0,,87.37662506103516,33.01292037963867,,0.02698790468275547,,,,,,,,
8,9699,,0.0,,175.0,,0.0017464705742895603,0.0019987826235592365,,0.0,,25.473384857177734,33.01292037963867,,0.033787503838539124,,,,,,,,
8,9710,,,,,,,,,,,,,,,65.55121612548828,335.6222229003906,0.0013165099080651999,0.0,62.32881164550781,31.68913459777832,0.040340449661016464,0.9542043209075928
8,9710,0.0,,330.32476806640625,,0.0012306823628023267,,,0.0,,59.96676254272461,,,0.03358633443713188,,,,,,,,,
9,9749,,0.0,,350.0,,0.0014176382683217525,0.0029936893843114376,,0.0,,110.79373168945312,31.25851821899414,,0.02919776178896427,,,,,,,,
9,9799,,0.0,,397.0,,0.0010661459527909756,0.0029936893843114376,,0.0,,123.83815002441406,31.25851821899414,,0.02124864235520363,,,,,,,,
9,9849,,0.0,,338.0,,0.0008112092618830502,0.0012775857467204332,,0.0,,63.86756896972656,34.9566650390625,,0.027732208371162415,,,,,,,,
9,9899,,0.0,,399.0,,0.0017195988912135363,0.0012775857467204332,,0.0,,70.85664367675781,34.9566650390625,,0.048280999064445496,,,,,,,,
9,9949,,0.0,,424.0,,0.0007398485904559493,0.0011140876449644566,,0.0,,73.02114868164062,35.551368713378906,,0.02631305903196335,,,,,,,,
9,9999,,0.0,,416.0,,0.0008206364582292736,0.0011140876449644566,,0.0,,98.10689544677734,35.551368713378906,,0.032184962183237076,,,,,,,,
9,10049,,0.0,,46.0,,0.004085156135261059,0.0046149049885571,,0.0,,6.814568042755127,29.378963470458984,,0.02554846927523613,,,,,,,,
9,10099,,0.0,,357.0,,0.0011216218117624521,0.0046149049885571,,0.0,,70.03457641601562,29.378963470458984,,0.03524579852819443,,,,,,,,
9,10149,,0.0,,439.0,,0.0017745180521160364,0.0012472019298002124,,0.0,,97.20890045166016,35.06119918823242,,0.05507875978946686,,,,,,,,
9,10199,,0.0,,428.0,,0.000956405361648649,0.0012472019298002124,,0.0,,87.19892883300781,35.06119918823242,,0.025693628937005997,,,,,,,,
9,10249,,0.0,,424.0,,0.0007324634934775531,0.0022789565846323967,,0.0,,87.89193725585938,32.44322204589844,,0.024295751005411148,,,,,,,,
9,10299,,0.0,,213.0,,0.0009782867273315787,0.0022789565846323967,,0.0,,37.35094451904297,32.44322204589844,,0.032628439366817474,,,,,,,,
9,10349,,0.0,,225.0,,0.001339057693257928,0.0013546354603022337,,0.0,,41.05878829956055,34.70234298706055,,0.021866245195269585,,,,,,,,
9,10399,,0.0,,41.0,,0.004064375068992376,0.0013546354603022337,,0.0,,4.284674167633057,34.70234298706055,,0.023057971149683,,,,,,,,
9,10449,,0.0,,229.0,,0.001154409721493721,0.004595746286213398,,0.0,,40.248199462890625,29.397031784057617,,0.02431740052998066,,,,,,,,
9,10499,,0.0,,218.0,,0.0014485761057585478,0.004595746286213398,,0.0,,26.581748962402344,29.397031784057617,,0.03163265436887741,,,,,,,,
9,10549,,0.0,,199.0,,0.0016561478842049837,0.001601316616870463,,0.0,,22.940919876098633,33.975799560546875,,0.03191278874874115,,,,,,,,
9,10599,,0.0,,431.0,,0.000879876664839685,0.001601316616870463,,0.0,,84.9740219116211,33.975799560546875,,0.029257100075483322,,,,,,,,
9,10649,,0.0,,277.0,,0.0014185417676344514,0.004691679030656815,,0.0,,64.10594940185547,29.307308197021484,,0.044748932123184204,,,,,,,,
9,10699,,0.0,,201.0,,0.0006096657598391175,0.004691679030656815,,0.0,,38.963741302490234,29.307308197021484,,0.038768380880355835,,,,,,,,
9,10749,,0.0,,432.0,,0.0009046100312843919,0.0016317847184836864,,0.0,,60.51567459106445,33.89394760131836,,0.019680000841617584,,,,,,,,
9,10789,,,,,,,,,,,,,,,68.29716491699219,349.6814880371094,0.0012140156468376517,0.0,65.06461334228516,32.566322326660156,0.03801140934228897,0.965889036655426
9,10789,0.0,,343.68072509765625,,0.0011998821282759309,,,0.0,,63.57374572753906,,,0.032879628241062164,,,,,,,,,
10,10799,,0.0,,436.0,,0.0009197110193781555,0.004243023693561554,,0.0,,89.25640869140625,29.74383544921875,,0.03270033001899719,,,,,,,,
10,10849,,0.0,,398.0,,0.0011517470702528954,0.004243023693561554,,0.0,,78.06624603271484,29.74383544921875,,0.023181680589914322,,,,,,,,
10,10899,,0.0,,373.0,,0.0012422280851751566,0.0011979409027844667,,0.0,,90.17252349853516,35.236209869384766,,0.048414427787065506,,,,,,,,
10,10949,,0.0,,427.0,,0.0017790913116186857,0.0011979409027844667,,0.0,,57.490379333496094,35.236209869384766,,0.042837612330913544,,,,,,,,
10,10999,,0.0,,378.0,,0.0007316461997106671,0.0011845966801047325,,0.0,,40.14097213745117,35.28485870361328,,0.028491079807281494,,,,,,,,
10,11049,,0.0,,253.0,,0.0012815413065254688,0.0011845966801047325,,0.0,,31.02825164794922,35.28485870361328,,0.03568267077207565,,,,,,,,
10,11099,,0.0,,438.0,,0.0009332355111837387,0.002850376768037677,,0.0,,73.69200897216797,31.471561431884766,,0.023635799065232277,,,,,,,,
10,11149,,0.0,,433.0,,0.0008947444730438292,0.002850376768037677,,0.0,,85.78083038330078,31.471561431884766,,0.02638617344200611,,,,,,,,
10,11199,,0.0,,423.0,,0.0011624996550381184,0.001321921357885003,,0.0,,81.8681411743164,34.808509826660156,,0.027704205363988876,,,,,,,,
10,11249,,0.0,,373.0,,0.0011123435106128454,0.001321921357885003,,0.0,,74.86083984375,34.808509826660156,,0.036450475454330444,,,,,,,,
10,11299,,0.0,,308.0,,0.0007783351466059685,0.0009808917529881,,0.0,,18.191165924072266,36.104347229003906,,0.04068942368030548,,,,,,,,
10,11349,,0.0,,440.0,,0.0010423297062516212,0.0009808917529881,,0.0,,115.94845581054688,36.104347229003906,,0.02222450077533722,,,,,,,,
10,11399,,0.0,,355.0,,0.0011509248288348317,0.0018402254208922386,,0.0,,21.434709548950195,33.37186813354492,,0.02685401774942875,,,,,,,,
10,11449,,0.0,,250.0,,0.0012479937868192792,0.0018402254208922386,,0.0,,47.13035202026367,33.37186813354492,,0.03478287532925606,,,,,,,,
10,11499,,0.0,,445.0,,0.0016163524705916643,0.004612102173268795,,0.0,,83.66496276855469,29.381601333618164,,0.04705451428890228,,,,,,,,
10,11549,,0.0,,400.0,,0.0007242535939440131,0.004612102173268795,,0.0,,94.01184844970703,29.381601333618164,,0.03591619431972504,,,,,,,,
10,11599,,0.0,,386.0,,0.0013005802175030112,0.0014412025921046734,,0.0,,82.65531158447266,34.43332290649414,,0.04448074474930763,,,,,,,,
10,11649,,0.0,,241.0,,0.0013266090536490083,0.0014412025921046734,,0.0,,22.152021408081055,34.43332290649414,,0.023299697786569595,,,,,,,,
10,11699,,0.0,,341.0,,0.0006968973902985454,0.00548931397497654,,0.0,,49.465614318847656,28.625411987304688,,0.020991194993257523,,,,,,,,
10,11749,,0.0,,244.0,,0.0011360464850440621,0.00548931397497654,,0.0,,42.54485321044922,28.625411987304688,,0.021356571465730667,,,,,,,,
10,11799,,0.0,,436.0,,0.001049700891599059,0.0021002748981118202,,0.0,,124.01519012451172,32.79781723022461,,0.023814629763364792,,,,,,,,
10,11849,,0.0,,402.0,,0.0008057904778979719,0.0021002748981118202,,0.0,,84.6978530883789,32.79781723022461,,0.03667100891470909,,,,,,,,
10,11868,,,,,,,,,,,,,,,71.45471954345703,365.84814453125,0.0011803089873865247,0.0,72.62572479248047,33.53532791137695,0.030808936804533005,0.9604392647743225
10,11868,0.0,,356.8376159667969,,0.001177566242404282,,,0.0,,67.19883728027344,,,0.03178848698735237,,,,,,,,,
11,11899,,0.0,,379.0,,0.0009775502840057015,0.002668077126145363,,0.0,,94.43282318115234,31.758602142333984,,0.026837121695280075,,,,,,,,
11,11949,,0.0,,412.0,,0.0010029298719018698,0.002668077126145363,,0.0,,97.71736907958984,31.758602142333984,,0.03796546161174774,,,,,,,,
11,11999,,0.0,,280.0,,0.0012277383357286453,0.0014216068666428328,,0.0,,17.608257293701172,34.492774963378906,,0.028566963970661163,,,,,,,,
11,12049,,0.0,,430.0,,0.001210726099088788,0.0014216068666428328,,0.0,,71.58260345458984,34.492774963378906,,0.0424879789352417,,,,,,,,
11,12099,,0.0,,375.0,,0.0014227929059416056,0.0011158178094774485,,0.0,,89.64720153808594,35.54462814331055,,0.037302903831005096,,,,,,,,
11,12149,,0.0,,448.0,,0.001743778819218278,0.0011158178094774485,,0.0,,86.85301208496094,35.54462814331055,,0.06482121348381042,,,,,,,,
11,12199,,0.0,,415.0,,0.0012990592513233423,0.00305561232380569,,0.0,,71.90630340576172,31.16960334777832,,0.03731914237141609,,,,,,,,
11,12249,,0.0,,450.0,,0.0014375768369063735,0.00305561232380569,,0.0,,102.90106964111328,31.16960334777832,,0.046018682420253754,,,,,,,,
11,12299,,0.0,,361.0,,0.0009738837834447622,0.0013903705403208733,,0.0,,55.32345199584961,34.589263916015625,,0.029180092737078667,,,,,,,,
11,12349,,0.0,,383.0,,0.001162542961537838,0.0013903705403208733,,0.0,,81.47476959228516,34.589263916015625,,0.039983004331588745,,,,,,,,
11,12399,,0.0,,272.0,,0.0013061391655355692,0.0009104229975491762,,0.0,,35.01924133300781,36.42811584472656,,0.02519858628511429,,,,,,,,
11,12449,,0.0,,385.0,,0.0009632214205339551,0.0009104229975491762,,0.0,,66.04811096191406,36.42811584472656,,0.03817331790924072,,,,,,,,
11,12499,,0.0,,324.0,,0.0013660297263413668,0.0012076238635927439,,0.0,,53.390953063964844,35.20124816894531,,0.025667862966656685,,,,,,,,
11,12549,,0.0,,444.0,,0.0009478104766458273,0.0012076238635927439,,0.0,,70.13787841796875,35.20124816894531,,0.029462207108736038,,,,,,,,
11,12599,,0.0,,283.0,,0.001384013332426548,0.004002201370894909,,0.0,,59.75556945800781,29.997600555419922,,0.02427159622311592,,,,,,,,
11,12649,,0.0,,363.0,,0.0009922590106725693,0.004002201370894909,,0.0,,75.97847747802734,29.997600555419922,,0.021148428320884705,,,,,,,,
11,12699,,0.0,,277.0,,0.0012241185177117586,0.0013644954888150096,,0.0,,30.473464965820312,34.67084503173828,,0.03353361040353775,,,,,,,,
11,12749,,0.0,,425.0,,0.001009033527225256,0.0013644954888150096,,0.0,,142.4095916748047,34.67084503173828,,0.027659732848405838,,,,,,,,
11,12799,,0.0,,250.0,,0.0012466709595173597,0.003724806010723114,,0.0,,31.348085403442383,30.309551239013672,,0.03372161090373993,,,,,,,,
11,12849,,0.0,,465.0,,0.0010361906606703997,0.003724806010723114,,0.0,,79.77635192871094,30.309551239013672,,0.024375874549150467,,,,,,,,
11,12899,,0.0,,269.0,,0.0014148993650451303,0.0014393505407497287,,0.0,,71.83879089355469,34.43890380859375,,0.05458180606365204,,,,,,,,
11,12947,,,,,,,,,,,,,,,73.81148529052734,377.9148254394531,0.0011772909201681614,0.0,73.11234283447266,33.333396911621094,0.03286989405751228,0.9695647358894348
11,12947,0.0,,369.3018493652344,,0.0011515915393829346,,,0.0,,70.95354461669922,,,0.03114059939980507,,,,,,,,,
12,12949,,0.0,,449.0,,0.0009480518056079745,0.0025968821719288826,,0.0,,60.38331604003906,31.876060485839844,,0.028234418481588364,,,,,,,,
12,12999,,0.0,,379.0,,0.000965636339969933,0.0025968821719288826,,0.0,,105.56144714355469,31.876060485839844,,0.03160715103149414,,,,,,,,
12,13049,,0.0,,446.0,,0.000829362019430846,0.0013952647568657994,,0.0,,94.01642608642578,34.574005126953125,,0.025076448917388916,,,,,,,,
12,13099,,0.0,,445.0,,0.0006806571036577225,0.0013952647568657994,,0.0,,87.7707290649414,34.574005126953125,,0.019767355173826218,,,,,,,,
12,13149,,0.0,,34.0,,0.00530658382922411,0.0011828537099063396,,0.0,,4.880438804626465,35.29125213623047,,0.02481580153107643,,,,,,,,
12,13199,,0.0,,269.0,,0.0016506076790392399,0.0011828537099063396,,0.0,,30.74427604675293,35.29125213623047,,0.042536843568086624,,,,,,,,
12,13249,,0.0,,442.0,,0.0009093864355236292,0.002524265320971608,,0.0,,92.18022155761719,31.99923324584961,,0.035614997148513794,,,,,,,,
12,13299,,0.0,,476.0,,0.0010835044085979462,0.002524265320971608,,0.0,,146.24131774902344,31.99923324584961,,0.04310736805200577,,,,,,,,
12,13349,,0.0,,453.0,,0.000818429107312113,0.0012136257719248533,,0.0,,114.93937683105469,35.179718017578125,,0.024096593260765076,,,,,,,,
12,13399,,0.0,,438.0,,0.0009380556875839829,0.0012136257719248533,,0.0,,113.28253936767578,35.179718017578125,,0.021518437191843987,,,,,,,,
12,13449,,0.0,,448.0,,0.0009628594270907342,0.0008396666962653399,,0.0,,118.28563690185547,36.77947998046875,,0.020372413098812103,,,,,,,,
12,13499,,0.0,,444.0,,0.0008470395114272833,0.0008396666962653399,,0.0,,63.72365188598633,36.77947998046875,,0.025551687926054,,,,,,,,
12,13549,,0.0,,462.0,,0.00089805549941957,0.0013103667879477143,,0.0,,112.5012435913086,34.846641540527344,,0.025883441790938377,,,,,,,,
12,13599,,0.0,,454.0,,0.0012807758757844567,0.0013103667879477143,,0.0,,87.82382202148438,34.846641540527344,,0.037948720157146454,,,,,,,,
12,13649,,0.0,,261.0,,0.0011340598575770855,0.00402680691331625,,0.0,,54.11308288574219,29.97098159790039,,0.041327692568302155,,,,,,,,
12,13699,,0.0,,431.0,,0.0020398942288011312,0.00402680691331625,,0.0,,66.87808227539062,29.97098159790039,,0.025591354817152023,,,,,,,,
12,13749,,0.0,,328.0,,0.001131302211433649,0.0012701965169981122,,0.0,,36.13970947265625,34.98185729980469,,0.02523908205330372,,,,,,,,
12,13799,,0.0,,437.0,,0.0011460634414106607,0.0012701965169981122,,0.0,,69.53524780273438,34.98185729980469,,0.0600738488137722,,,,,,,,
12,13849,,0.0,,444.0,,0.00076130690285936,0.004207964055240154,,0.0,,48.00727844238281,29.779870986938477,,0.03153686970472336,,,,,,,,
12,13899,,0.0,,320.0,,0.0014512196648865938,0.004207964055240154,,0.0,,50.15478515625,29.779870986938477,,0.03126522898674011,,,,,,,,
12,13949,,0.0,,279.0,,0.001116235158406198,0.0014047620352357626,,0.0,,29.68243980407715,34.54454040527344,,0.032276563346385956,,,,,,,,
12,13999,,0.0,,475.0,,0.0009226767579093575,0.0014047620352357626,,0.0,,114.75377655029297,34.54454040527344,,0.021694624796509743,,,,,,,,
12,14026,,,,,,,,,,,,,,,74.39163970947266,380.88519287109375,0.0012634658487513661,0.0,74.28856658935547,31.993370056152344,0.04149337857961655,0.9626259207725525
12,14026,0.0,,380.05413818359375,,0.0011322342325001955,,,0.0,,73.88827514648438,,,0.03045554645359516,,,,,,,,,
13,14049,,0.0,,298.0,,0.0011549127520993352,0.0025005158968269825,,0.0,,24.86614990234375,32.040287017822266,,0.033149927854537964,,,,,,,,
13,14099,,0.0,,448.0,,0.0009860795689746737,0.0025005158968269825,,0.0,,126.335693359375,32.040287017822266,,0.029726136475801468,,,,,,,,
13,14149,,0.0,,296.0,,0.0006658438360318542,0.0010640150867402554,,0.0,,40.705169677734375,35.75108337402344,,0.03569234907627106,,,,,,,,
13,14199,,0.0,,321.0,,0.0011094689834862947,0.0010640150867402554,,0.0,,38.680362701416016,35.75108337402344,,0.036648981273174286,,,,,,,,
13,14249,,0.0,,452.0,,0.0006950425449758768,0.0010343622416257858,,0.0,,72.77944946289062,35.87383270263672,,0.017236076295375824,,,,,,,,
13,14299,,0.0,,468.0,,0.0008069457253441215,0.0010343622416257858,,0.0,,87.47825622558594,35.87383270263672,,0.025811269879341125,,,,,,,,
13,14349,,0.0,,359.0,,0.0010550683364272118,0.00284958234988153,,0.0,,37.39326095581055,31.472774505615234,,0.024885861203074455,,,,,,,,
13,14399,,0.0,,279.0,,0.0012481540907174349,0.00284958234988153,,0.0,,31.06692886352539,31.472774505615234,,0.03235205262899399,,,,,,,,
13,14449,,0.0,,429.0,,0.000954270944930613,0.0010462654754519463,,0.0,,74.6568603515625,35.82413864135742,,0.03879017010331154,,,,,,,,
13,14499,,0.0,,459.0,,0.0007424550713039935,0.0010462654754519463,,0.0,,71.02835845947266,35.82413864135742,,0.02552562952041626,,,,,,,,
13,14549,,0.0,,271.0,,0.001394670340232551,0.0009654461173340678,,0.0,,37.91131591796875,36.17327880859375,,0.02647079899907112,,,,,,,,
13,14599,,0.0,,391.0,,0.0008797352784313262,0.0009654461173340678,,0.0,,104.81375885009766,36.17327880859375,,0.04282005876302719,,,,,,,,
13,14649,,0.0,,297.0,,0.0011117190588265657,0.0011262916959822178,,0.0,,33.287715911865234,35.504051208496094,,0.02736540138721466,,,,,,,,
13,14699,,0.0,,404.0,,0.0009933214168995619,0.0011262916959822178,,0.0,,112.9288558959961,35.504051208496094,,0.061821382492780685,,,,,,,,
13,14749,,0.0,,395.0,,0.0011357574257999659,0.003986821509897709,,0.0,,122.624267578125,30.01432228088379,,0.042280007153749466,,,,,,,,
13,14799,,0.0,,398.0,,0.0008574106032028794,0.003986821509897709,,0.0,,85.17015838623047,30.01432228088379,,0.02915710210800171,,,,,,,,
13,14849,,0.0,,463.0,,0.0007993805920705199,0.0013696332462131977,,0.0,,107.4188232421875,34.65452575683594,,0.027556316927075386,,,,,,,,
13,14899,,0.0,,475.0,,0.0011531768832355738,0.0013696332462131977,,0.0,,136.29441833496094,34.65452575683594,,0.0315944105386734,,,,,,,,
13,14949,,0.0,,450.0,,0.0009386337478645146,0.003548908047378063,,0.0,,57.327392578125,30.51963996887207,,0.028244081884622574,,,,,,,,
13,14999,,0.0,,394.0,,0.0009793215431272984,0.003548908047378063,,0.0,,119.19625091552734,30.51963996887207,,0.0411824956536293,,,,,,,,
13,15049,,0.0,,459.0,,0.0009865809697657824,0.0015402270946651697,,0.0,,97.07966613769531,34.14472579956055,,0.04888617992401123,,,,,,,,
13,15099,,0.0,,255.0,,0.0013749910285696387,0.0015402270946651697,,0.0,,30.2195987701416,34.14472579956055,,0.02458316460251808,,,,,,,,
13,15105,,,,,,,,,,,,,,,77.21571350097656,395.3444519042969,0.0012336629442870617,0.0,77.80523681640625,34.30256652832031,0.02828117273747921,0.967714786529541
13,15105,0.0,,389.3908386230469,,0.0011249483795836568,,,0.0,,75.56157684326172,,,0.029986770823597908,,,,,,,,,
14,15149,,0.0,,475.0,,0.0009528914233669639,0.002337272744625807,,0.0,,114.4946517944336,32.33348846435547,,0.03591137379407883,,,,,,,,
14,15199,,0.0,,460.0,,0.0006892625242471695,0.002337272744625807,,0.0,,99.40303039550781,32.33348846435547,,0.021013950929045677,,,,,,,,
14,15249,,0.0,,301.0,,0.0012870216742157936,0.0010238583199679852,,0.0,,40.28731155395508,35.91816329956055,,0.032892681658267975,,,,,,,,
14,15299,,0.0,,142.0,,0.0007977645727805793,0.0010238583199679852,,0.0,,11.384870529174805,35.91816329956055,,0.07928711175918579,,,,,,,,
14,15349,,0.0,,470.0,,0.0008193411049433053,0.0010076211765408516,,0.0,,77.20233917236328,35.98758316040039,,0.01727558672428131,,,,,,,,
14,15399,,0.0,,359.0,,0.0011322915088385344,0.0010076211765408516,,0.0,,46.40474319458008,35.98758316040039,,0.029708046466112137,,,,,,,,
14,15449,,0.0,,464.0,,0.0009064406622201204,0.002631091047078371,,0.0,,90.80970764160156,31.81922721862793,,0.031140195205807686,,,,,,,,
14,15499,,0.0,,476.0,,0.001048181438818574,0.002631091047078371,,0.0,,164.5611114501953,31.81922721862793,,0.01906353421509266,,,,,,,,
14,15549,,0.0,,402.0,,0.0006186941755004227,0.001171870855614543,,0.0,,46.129024505615234,35.33176803588867,,0.024497905746102333,,,,,,,,
14,15599,,0.0,,322.0,,0.001005900208838284,0.001171870855614543,,0.0,,63.39956283569336,35.33176803588867,,0.02154907025396824,,,,,,,,
14,15649,,0.0,,445.0,,0.0006334515055641532,0.0011385355610400438,,0.0,,61.573123931884766,35.457096099853516,,0.02486252784729004,,,,,,,,
14,15699,,0.0,,463.0,,0.0007532339077442884,0.0011385355610400438,,0.0,,75.75267028808594,35.457096099853516,,0.02698289416730404,,,,,,,,
14,15749,,0.0,,302.0,,0.0010285244788974524,0.0010979452636092901,,0.0,,45.7651252746582,35.61475372314453,,0.02253621071577072,,,,,,,,
14,15799,,0.0,,453.0,,0.0013572410680353642,0.0010979452636092901,,0.0,,36.49871826171875,35.61475372314453,,0.02669796720147133,,,,,,,,
14,15849,,0.0,,328.0,,0.0010774832917377353,0.0034434106200933456,,0.0,,51.04338073730469,30.650699615478516,,0.02338803932070732,,,,,,,,
14,15899,,0.0,,465.0,,0.0008687663357704878,0.0034434106200933456,,0.0,,106.85487365722656,30.650699615478516,,0.027183111757040024,,,,,,,,
14,15949,,0.0,,402.0,,0.0015754341147840023,0.003955193795263767,,0.0,,84.71732330322266,30.048913955688477,,0.03789570927619934,,,,,,,,
14,15999,,0.0,,452.0,,0.0011316713644191623,0.003955193795263767,,0.0,,115.68673706054688,30.048913955688477,,0.01878409832715988,,,,,,,,
14,16049,,0.0,,291.0,,0.0010388796217739582,0.004361944273114204,,0.0,,44.61231231689453,29.623790740966797,,0.02895556204020977,,,,,,,,
14,16099,,0.0,,166.0,,0.0007109347498044372,0.004361944273114204,,0.0,,10.985444068908691,29.623790740966797,,0.040832728147506714,,,,,,,,
14,16149,,0.0,,381.0,,0.0009314021444879472,0.002296821214258671,,0.0,,71.33379364013672,32.40930938720703,,0.020943406969308853,,,,,,,,
14,16184,,,,,,,,,,,,,,,77.06669616699219,394.58148193359375,0.0012044081231579185,0.0,80.39130401611328,31.418106079101562,0.04431595280766487,0.9526044130325317
14,16184,0.0,,397.03302001953125,,0.0011173508828505874,,,0.0,,78.80245971679688,,,0.029737774282693863,,,,,,,,,
15,16199,,0.0,,459.0,,0.0012602671049535275,0.0026581273414194584,,0.0,,93.88632202148438,31.774826049804688,,0.05380350351333618,,,,,,,,
15,16249,,0.0,,468.0,,0.0008810806320980191,0.0026581273414194584,,0.0,,76.51922607421875,31.774826049804688,,0.026027023792266846,,,,,,,,
15,16299,,0.0,,468.0,,0.0011087991297245026,0.0010043089278042316,,0.0,,100.67188262939453,36.00188446044922,,0.031483493745326996,,,,,,,,
15,16349,,0.0,,464.0,,0.0007633334025740623,0.0010043089278042316,,0.0,,107.53490447998047,36.00188446044922,,0.027961403131484985,,,,,,,,
15,16399,,0.0,,473.0,,0.00112063845153898,0.0009159595356322825,,0.0,,98.75426483154297,36.401790618896484,,0.03633176162838936,,,,,,,,
15,16449,,0.0,,273.0,,0.00038847659016028047,0.0009159595356322825,,0.0,,18.04126739501953,36.401790618896484,,0.01746837981045246,,,,,,,,
15,16499,,0.0,,297.0,,0.001468274975195527,0.002524318639189005,,0.0,,33.835792541503906,31.999141693115234,,0.04151476174592972,,,,,,,,
15,16549,,0.0,,467.0,,0.0008197842980735004,0.002524318639189005,,0.0,,121.41510772705078,31.999141693115234,,0.027937378734350204,,,,,,,,
15,16599,,0.0,,456.0,,0.0010545230470597744,0.0009836191311478615,,0.0,,73.08155059814453,36.092288970947266,,0.02094440907239914,,,,,,,,
15,16649,,0.0,,156.0,,0.0029698831494897604,0.0009836191311478615,,0.0,,32.96422576904297,36.092288970947266,,0.04149462282657623,,,,,,,,
15,16699,,0.0,,424.0,,0.0010223318822681904,0.0007862396305426955,,0.0,,77.31522369384766,37.06499481201172,,0.03559071198105812,,,,,,,,
15,16749,,0.0,,459.0,,0.0006771126063540578,0.0007862396305426955,,0.0,,76.8065185546875,37.06499481201172,,0.018938489258289337,,,,,,,,
15,16799,,0.0,,312.0,,0.0012093724217265844,0.0011028640437871218,,0.0,,57.64080047607422,35.595340728759766,,0.026129338890314102,,,,,,,,
15,16849,,0.0,,460.0,,0.0008842535899020731,0.0011028640437871218,,0.0,,99.0633316040039,35.595340728759766,,0.02047986537218094,,,,,,,,
15,16899,,0.0,,463.0,,0.0008886067662388086,0.0037535519804805517,,0.0,,90.31792449951172,30.276165008544922,,0.020991982892155647,,,,,,,,
15,16949,,0.0,,284.0,,0.001851551467552781,0.0037535519804805517,,0.0,,33.780975341796875,30.276165008544922,,0.033475980162620544,,,,,,,,
15,16999,,0.0,,289.0,,0.001092747668735683,0.0019360575824975967,,0.0,,46.92605209350586,33.15139389038086,,0.024706535041332245,,,,,,,,
15,17049,,0.0,,291.0,,0.0011776017490774393,0.0019360575824975967,,0.0,,35.5947151184082,33.15139389038086,,0.033813901245594025,,,,,,,,
15,17099,,0.0,,446.0,,0.0011485780123621225,0.0031501760240644217,,0.0,,13.503803253173828,31.03723907470703,,0.015459572896361351,,,,,,,,
15,17149,,0.0,,313.0,,0.0016020466573536396,0.0031501760240644217,,0.0,,43.28761672973633,31.03723907470703,,0.021579870954155922,,,,,,,,
15,17199,,0.0,,474.0,,0.0009003982413560152,0.0018703838577494025,,0.0,,129.82855224609375,33.30126953125,,0.021412694826722145,,,,,,,,
15,17249,,0.0,,365.0,,0.001269903383217752,0.0018703838577494025,,0.0,,39.99755859375,33.30126953125,,0.03087991662323475,,,,,,,,
15,17263,,,,,,,,,,,,,,,80.17505645751953,410.4963073730469,0.001178068108856678,0.0,85.31522369384766,31.42864227294922,0.04139332473278046,0.9611464738845825
15,17263,0.0,,401.94403076171875,,0.001102177775464952,,,0.0,,79.80171203613281,,,0.02911939099431038,,,,,,,,,
16,17299,,0.0,,453.0,,0.0006396378157660365,0.0022342356387525797,,0.0,,81.8780517578125,32.529293060302734,,0.01703883893787861,,,,,,,,
16,17349,,0.0,,454.0,,0.0010227176826447248,0.0022342356387525797,,0.0,,142.43505859375,32.529293060302734,,0.024083836004137993,,,,,,,,
16,17399,,0.0,,407.0,,0.0009165960946120322,0.0010401082690805197,,0.0,,108.3842544555664,35.849769592285156,,0.029097430408000946,,,,,,,,
16,17449,,0.0,,475.0,,0.0012110910611227155,0.0010401082690805197,,0.0,,126.64027404785156,35.849769592285156,,0.024093609303236008,,,,,,,,
16,17499,,0.0,,290.0,,0.0016653918428346515,0.0010197022929787636,,0.0,,46.335235595703125,35.93582534790039,,0.023578505963087082,,,,,,,,
16,17549,,0.0,,456.0,,0.0010404590284451842,0.0010197022929787636,,0.0,,26.146081924438477,35.93582534790039,,0.023350048810243607,,,,,,,,
16,17599,,0.0,,478.0,,0.0009089167579077184,0.002007345436140895,,0.0,,138.95236206054688,32.99435806274414,,0.023957500234246254,,,,,,,,
16,17649,,0.0,,467.0,,0.0009079537121579051,0.002007345436140895,,0.0,,115.36420440673828,32.99435806274414,,0.020968196913599968,,,,,,,,
16,17699,,0.0,,484.0,,0.0008586246985942125,0.0009974257554858923,,0.0,,129.233642578125,36.03175354003906,,0.033163197338581085,,,,,,,,
16,17749,,0.0,,407.0,,0.0015390494372695684,0.0009974257554858923,,0.0,,93.06312561035156,36.03175354003906,,0.03425649553537369,,,,,,,,
16,17799,,0.0,,464.0,,0.001226348103955388,0.0007715903921052814,,0.0,,105.19232177734375,37.14667510986328,,0.022180944681167603,,,,,,,,
16,17849,,0.0,,312.0,,0.0004297182313166559,0.0007715903921052814,,0.0,,32.2962646484375,37.14667510986328,,0.01638324186205864,,,,,,,,
16,17899,,0.0,,405.0,,0.0008368907147087157,0.001074124127626419,,0.0,,90.61548614501953,35.710018157958984,,0.02674996107816696,,,,,,,,
16,17949,,0.0,,478.0,,0.0008782967925071716,0.001074124127626419,,0.0,,110.28504180908203,35.710018157958984,,0.03576461970806122,,,,,,,,
16,17999,,0.0,,286.0,,0.0012903041206300259,0.003126337192952633,,0.0,,33.61500930786133,31.070228576660156,,0.022709110751748085,,,,,,,,
16,18049,,0.0,,470.0,,0.0006654808530583978,0.003126337192952633,,0.0,,85.5776138305664,31.070228576660156,,0.029931869357824326,,,,,,,,
16,18099,,0.0,,408.0,,0.0008859871886670589,0.001610067905858159,,0.0,,109.92975616455078,33.95213317871094,,0.05029842630028725,,,,,,,,
16,18149,,0.0,,294.0,,0.0019150048028677702,0.001610067905858159,,0.0,,33.74577331542969,33.95213317871094,,0.028118666261434555,,,,,,,,
16,18199,,0.0,,241.0,,0.0011158955749124289,0.003349962178617716,,0.0,,31.687480926513672,30.77018928527832,,0.025535129010677338,,,,,,,,
16,18249,,0.0,,446.0,,0.0011032159673050046,0.003349962178617716,,0.0,,75.81254577636719,30.77018928527832,,0.03573162853717804,,,,,,,,
16,18299,,0.0,,479.0,,0.001124280272051692,0.0015887400368228555,,0.0,,81.94731140136719,34.01004409790039,,0.03002055734395981,,,,,,,,
16,18342,,,,,,,,,,,,,,,80.90350341796875,414.2259216308594,0.0012120612664148211,0.0,88.86064147949219,33.676326751708984,0.02989151142537594,0.9638507962226868
16,18342,0.0,,407.73577880859375,,0.001107947900891304,,,0.0,,82.83749389648438,,,0.028662296012043953,,,,,,,,,
17,18349,,0.0,,330.0,,0.0009716175845824182,0.0022063145879656076,,0.0,,46.03425598144531,32.58390808105469,,0.02744060754776001,,,,,,,,
17,18399,,0.0,,486.0,,0.0008449879824183881,0.0022063145879656076,,0.0,,138.6723175048828,32.58390808105469,,0.020057205110788345,,,,,,,,
17,18449,,0.0,,473.0,,0.0012981744948774576,0.0009578963508829474,,0.0,,31.8045711517334,36.20737075805664,,0.015625689178705215,,,,,,,,
17,18499,,0.0,,474.0,,0.0007230316987261176,0.0009578963508829474,,0.0,,90.32051086425781,36.20737075805664,,0.02699996344745159,,,,,,,,
17,18549,,0.0,,341.0,,0.0011329574044793844,0.0009844647720456123,,0.0,,61.00196838378906,36.08855438232422,,0.027048498392105103,,,,,,,,
17,18599,,0.0,,470.0,,0.0007184759015217423,0.0009844647720456123,,0.0,,101.34420013427734,36.08855438232422,,0.020912811160087585,,,,,,,,
17,18649,,0.0,,302.0,,0.0009916756534948945,0.0022526585962623358,,0.0,,42.05085372924805,32.49362564086914,,0.01993352547287941,,,,,,,,
17,18699,,0.0,,469.0,,0.0009907253552228212,0.0022526585962623358,,0.0,,135.21893310546875,32.49362564086914,,0.02321912720799446,,,,,,,,
17,18749,,0.0,,469.0,,0.0006223342497833073,0.0009547697845846415,,0.0,,70.00373077392578,36.2215690612793,,0.02189818024635315,,,,,,,,
17,18799,,0.0,,151.0,,0.0007396751316264272,0.0009547697845846415,,0.0,,4.32452917098999,36.2215690612793,,0.023112967610359192,,,,,,,,
17,18849,,0.0,,477.0,,0.0007491096621379256,0.0009587459499016404,,0.0,,92.92583465576172,36.203521728515625,,0.022120188921689987,,,,,,,,
17,18899,,0.0,,418.0,,0.0008784736273810267,0.0009587459499016404,,0.0,,73.5372085571289,36.203521728515625,,0.03288959339261055,,,,,,,,
17,18949,,0.0,,476.0,,0.0008960004197433591,0.001049620215781033,,0.0,,137.7840118408203,35.810237884521484,,0.02304137870669365,,,,,,,,
17,18999,,0.0,,481.0,,0.0015386120649054646,0.001049620215781033,,0.0,,84.9610595703125,35.810237884521484,,0.026915930211544037,,,,,,,,
17,19049,,0.0,,483.0,,0.0009310327586717904,0.003336698282510042,,0.0,,130.2866668701172,30.78742027282715,,0.018739838153123856,,,,,,,,
17,19099,,0.0,,333.0,,0.0013459422625601292,0.003336698282510042,,0.0,,44.63772964477539,30.78742027282715,,0.03379710018634796,,,,,,,,
17,19149,,0.0,,361.0,,0.0005776452599093318,0.001344710704870522,,0.0,,38.087528228759766,34.73427963256836,,0.019851967692375183,,,,,,,,
17,19199,,0.0,,356.0,,0.0007014154689386487,0.001344710704870522,,0.0,,43.201011657714844,34.73427963256836,,0.032887451350688934,,,,,,,,
17,19249,,0.0,,416.0,,0.001235016155987978,0.003330618143081665,,0.0,,73.5732650756836,30.795337677001953,,0.028294868767261505,,,,,,,,
17,19299,,0.0,,461.0,,0.0008308771066367626,0.003330618143081665,,0.0,,72.3464584350586,30.795337677001953,,0.030327729880809784,,,,,,,,
17,19349,,0.0,,257.0,,0.0013513853773474693,0.0013639142271131277,,0.0,,39.285247802734375,34.672698974609375,,0.031254954636096954,,,,,,,,
17,19399,,0.0,,445.0,,0.00111165433190763,0.0013639142271131277,,0.0,,102.97607421875,34.672698974609375,,0.02069958671927452,,,,,,,,
17,19421,,,,,,,,,,,,,,,80.75737762451172,413.477783203125,0.0011693860869854689,0.0,88.76188659667969,34.908241271972656,0.026720987632870674,0.9714099168777466
17,19421,0.0,,412.6651306152344,,0.0011239914456382394,,,0.0,,85.6379623413086,,,0.028118455782532692,,,,,,,,,
18,19449,,0.0,,471.0,,0.0008262150222435594,0.002208232879638672,,0.0,,127.25959777832031,32.58013153076172,,0.020158272236585617,,,,,,,,
18,19499,,0.0,,427.0,,0.0008488018065690994,0.002208232879638672,,0.0,,105.82548522949219,32.58013153076172,,0.02185995876789093,,,,,,,,
18,19549,,0.0,,328.0,,0.0012822744902223349,0.000942905549891293,,0.0,,45.37466049194336,36.27587127685547,,0.038250088691711426,,,,,,,,
18,19599,,0.0,,468.0,,0.000944501836784184,0.000942905549891293,,0.0,,147.50071716308594,36.27587127685547,,0.02147194743156433,,,,,,,,
18,19649,,0.0,,469.0,,0.0006334196659736335,0.000966029881965369,,0.0,,58.05231475830078,36.170650482177734,,0.018161669373512268,,,,,,,,
18,19699,,0.0,,375.0,,0.0010416615987196565,0.000966029881965369,,0.0,,46.425113677978516,36.170650482177734,,0.019159626215696335,,,,,,,,
18,19749,,0.0,,339.0,,0.0010351474629715085,0.002167953411117196,,0.0,,55.40304946899414,32.66007995605469,,0.020588215440511703,,,,,,,,
18,19799,,0.0,,336.0,,0.001154388184659183,0.002167953411117196,,0.0,,54.28396224975586,32.66007995605469,,0.032249026000499725,,,,,,,,
18,19849,,0.0,,482.0,,0.0007794115226715803,0.0010071853175759315,,0.0,,111.47958374023438,35.989463806152344,,0.020345589146018028,,,,,,,,
18,19899,,0.0,,124.0,,0.0007008349057286978,0.0010071853175759315,,0.0,,12.788213729858398,35.989463806152344,,0.027575209736824036,,,,,,,,
18,19949,,0.0,,38.0,,0.0017725452780723572,0.0007352274842560291,,0.0,,5.940239906311035,37.3563232421875,,0.02596505731344223,,,,,,,,
18,19999,,0.0,,334.0,,0.001293815323151648,0.0007352274842560291,,0.0,,70.91312408447266,37.3563232421875,,0.04111774265766144,,,,,,,,
18,20049,,0.0,,341.0,,0.0009289723820984364,0.0010497303446754813,,0.0,,48.62840270996094,35.809783935546875,,0.02200935035943985,,,,,,,,
18,20099,,0.0,,490.0,,0.0012855185195803642,0.0010497303446754813,,0.0,,113.60093688964844,35.809783935546875,,0.033270761370658875,,,,,,,,
18,20149,,0.0,,420.0,,0.002253409940749407,0.0029913662001490593,,0.0,,76.97903442382812,31.261890411376953,,0.04166693240404129,,,,,,,,
18,20199,,0.0,,457.0,,0.0012283131945878267,0.0029913662001490593,,0.0,,113.65355682373047,31.261890411376953,,0.019449420273303986,,,,,,,,
18,20249,,0.0,,469.0,,0.0007401832845062017,0.0009320426033809781,,0.0,,124.33374786376953,36.326194763183594,,0.02261430025100708,,,,,,,,
18,20299,,0.0,,479.0,,0.0008731541456654668,0.0009320426033809781,,0.0,,109.6409912109375,36.326194763183594,,0.021514905616641045,,,,,,,,
18,20349,,0.0,,373.0,,0.0009883635211735964,0.003028352977707982,,0.0,,50.39686965942383,31.20852279663086,,0.032231204211711884,,,,,,,,
18,20399,,0.0,,421.0,,0.0008663518237881362,0.003028352977707982,,0.0,,102.6767349243164,31.20852279663086,,0.033999182283878326,,,,,,,,
18,20449,,0.0,,280.0,,0.0008807614794932306,0.0013671854976564646,,0.0,,40.82222366333008,34.66229248046875,,0.01655268855392933,,,,,,,,
18,20499,,0.0,,494.0,,0.0019076638855040073,0.0013671854976564646,,0.0,,109.03604888916016,34.66229248046875,,0.036735281348228455,,,,,,,,
18,20500,,,,,,,,,,,,,,,82.5506362915039,422.6592712402344,0.0011687681544572115,0.0,92.36363983154297,34.49871826171875,0.028719371184706688,0.9739410281181335
18,20500,0.0,,416.91558837890625,,0.0011082272976636887,,,0.0,,87.3743896484375,,,0.027837436646223068,,,,,,,,,
19,20549,,0.0,,334.0,,0.0010969352442771196,0.0025163106620311737,,0.0,,67.1455078125,32.012943267822266,,0.05434997379779816,,,,,,,,
19,20599,,0.0,,77.0,,0.0022397348657250404,0.0025163106620311737,,0.0,,7.622499465942383,32.012943267822266,,0.03482288122177124,,,,,,,,
19,20649,,0.0,,497.0,,0.0014860759256407619,0.0009027898777276278,,0.0,,55.75082015991211,36.46468734741211,,0.02106301486492157,,,,,,,,
19,20699,,0.0,,414.0,,0.0009466320625506341,0.0009027898777276278,,0.0,,114.00919342041016,36.46468734741211,,0.031020916998386383,,,,,,,,
19,20749,,0.0,,284.0,,0.0009322755504399538,0.0008870683377608657,,0.0,,25.004507064819336,36.54098129272461,,0.02007363736629486,,,,,,,,
19,20799,,0.0,,407.0,,0.0008206934435293078,0.0008870683377608657,,0.0,,74.16168975830078,36.54098129272461,,0.02225092053413391,,,,,,,,
19,20849,,0.0,,89.0,,0.00033121980959549546,0.0025968248955905437,,0.0,,10.849790573120117,31.87615966796875,,0.016824161633849144,,,,,,,,
19,20899,,0.0,,476.0,,0.0009294106857851148,0.0025968248955905437,,0.0,,107.89773559570312,31.87615966796875,,0.017904039472341537,,,,,,,,
19,20949,,0.0,,473.0,,0.0010650737676769495,0.000909990631043911,,0.0,,126.68406677246094,36.43018341064453,,0.020307162776589394,,,,,,,,
19,20999,,0.0,,487.0,,0.0008649049559608102,0.000909990631043911,,0.0,,128.65328979492188,36.43018341064453,,0.033183954656124115,,,,,,,,
19,21049,,0.0,,408.0,,0.000696936622262001,0.0011512009659782052,,0.0,,92.81915283203125,35.409053802490234,,0.020637528970837593,,,,,,,,
19,21099,,0.0,,474.0,,0.0007964573451317847,0.0011512009659782052,,0.0,,107.7934341430664,35.409053802490234,,0.01852152682840824,,,,,,,,
19,21149,,0.0,,428.0,,0.0009988623205572367,0.0010116446064785123,,0.0,,136.29226684570312,35.97027587890625,,0.03064705617725849,,,,,,,,
19,21199,,0.0,,477.0,,0.0015210863202810287,0.0010116446064785123,,0.0,,95.28099822998047,35.97027587890625,,0.034152764827013016,,,,,,,,
19,21249,,0.0,,208.0,,0.0012213317677378654,0.0035147671587765217,,0.0,,26.230121612548828,30.561622619628906,,0.01715223491191864,,,,,,,,
19,21299,,0.0,,424.0,,0.000939534860663116,0.0035147671587765217,,0.0,,93.05313110351562,30.561622619628906,,0.02223435789346695,,,,,,,,
19,21349,,0.0,,480.0,,0.0012117006117478013,0.001008245861157775,,0.0,,89.45440673828125,35.984893798828125,,0.0268004909157753,,,,,,,,
19,21399,,0.0,,336.0,,0.0010222233831882477,0.001008245861157775,,0.0,,68.26842498779297,35.984893798828125,,0.016649320721626282,,,,,,,,
19,21449,,0.0,,491.0,,0.0007887424435466528,0.003259100718423724,,0.0,,91.42868041992188,30.88960838317871,,0.020176712423563004,,,,,,,,
19,21499,,0.0,,388.0,,0.0007931884611025453,0.003259100718423724,,0.0,,53.339691162109375,30.88960838317871,,0.01642587222158909,,,,,,,,
19,21549,,0.0,,472.0,,0.001047526253387332,0.0013719075359404087,,0.0,,59.12149429321289,34.64732360839844,,0.015860341489315033,,,,,,,,
19,21579,,,,,,,,,,,,,,,83.04108428955078,425.1703796386719,0.001164180226624012,0.0,97.35357666015625,35.06242370605469,0.02523113414645195,0.9723345637321472
19,21579,0.0,,420.83026123046875,,0.00111337227281183,,,0.0,,89.4258804321289,,,0.0274889525026083,,,,,,,,,
20,21599,,0.0,,315.0,,0.0011852458119392395,0.0020890608429908752,,0.0,,67.20447540283203,32.821067810058594,,0.01878977194428444,,,,,,,,
20,21649,,0.0,,424.0,,0.0009739474044181406,0.0020890608429908752,,0.0,,125.06970977783203,32.821067810058594,,0.0313793420791626,,,,,,,,
20,21699,,0.0,,482.0,,0.0011209379881620407,0.0010032333666458726,,0.0,,140.35765075683594,36.00653839111328,,0.02728239633142948,,,,,,,,
20,21749,,0.0,,492.0,,0.0009866846958175302,0.0010032333666458726,,0.0,,133.95384216308594,36.00653839111328,,0.0250176303088665,,,,,,,,
20,21799,,0.0,,482.0,,0.0008078769315034151,0.0009246326517313719,,0.0,,85.27081298828125,36.36085891723633,,0.020969940349459648,,,,,,,,
20,21849,,0.0,,346.0,,0.001180518651381135,0.0009246326517313719,,0.0,,54.5525016784668,36.36085891723633,,0.021477453410625458,,,,,,,,
20,21899,,0.0,,482.0,,0.0007563639665022492,0.0024393603671342134,,0.0,,112.14369201660156,32.147823333740234,,0.020671546459197998,,,,,,,,
20,21949,,0.0,,258.0,,0.001344593008980155,0.0024393603671342134,,0.0,,45.63513946533203,32.147823333740234,,0.026236381381750107,,,,,,,,
20,21999,,0.0,,433.0,,0.0009728133445605636,0.000900935847312212,,0.0,,113.1297836303711,36.47361373901367,,0.021663840860128403,,,,,,,,
20,22049,,0.0,,473.0,,0.0008096104138530791,0.000900935847312212,,0.0,,125.77691650390625,36.47361373901367,,0.019467202946543694,,,,,,,,
20,22099,,0.0,,485.0,,0.0013654723297804594,0.0007736873812973499,,0.0,,146.45184326171875,37.1348876953125,,0.02291160821914673,,,,,,,,
20,22149,,0.0,,408.0,,0.0005679751629941165,0.0007736873812973499,,0.0,,38.83086395263672,37.1348876953125,,0.02294028550386429,,,,,,,,
20,22199,,0.0,,484.0,,0.001416398212313652,0.0009819155093282461,,0.0,,101.60345458984375,36.099815368652344,,0.03311869502067566,,,,,,,,
20,22249,,0.0,,433.0,,0.0010559039656072855,0.0009819155093282461,,0.0,,129.06649780273438,36.099815368652344,,0.03071129135787487,,,,,,,,
20,22299,,0.0,,426.0,,0.0016550153959542513,0.002857824321836233,,0.0,,82.50642395019531,31.460229873657227,,0.034593962132930756,,,,,,,,
20,22349,,0.0,,373.0,,0.0012316341744735837,0.002857824321836233,,0.0,,49.62238693237305,31.460229873657227,,0.04263199120759964,,,,,,,,
20,22399,,0.0,,461.0,,0.0008668600348755717,0.0009985286742448807,,0.0,,104.14120483398438,36.02695083618164,,0.03532663732767105,,,,,,,,
20,22449,,0.0,,377.0,,0.0010077515617012978,0.0009985286742448807,,0.0,,49.475982666015625,36.02695083618164,,0.017635934054851532,,,,,,,,
20,22499,,0.0,,480.0,,0.0009347988525405526,0.004070824943482876,,0.0,,105.52762603759766,29.923765182495117,,0.02095077559351921,,,,,,,,
20,22549,,0.0,,488.0,,0.0019874880090355873,0.004070824943482876,,0.0,,135.9480743408203,29.923765182495117,,0.03828936442732811,,,,,,,,
20,22599,,0.0,,443.0,,0.0010614662896841764,0.0013517546467483044,,0.0,,68.39901733398438,34.71158981323242,,0.03043157234787941,,,,,,,,
20,22649,,0.0,,405.0,,0.0013917803298681974,0.0013517546467483044,,0.0,,94.92890930175781,34.71158981323242,,0.028078287839889526,,,,,,,,
20,22658,,,,,,,,,,,,,,,83.984375,430.0,0.0011417685309424996,0.0,100.24750518798828,34.14921951293945,0.028577584773302078,0.9721861481666565
20,22658,0.0,,424.85687255859375,,0.0011180102592334151,,,0.0,,92.21578979492188,,,0.027173496782779694,,,,,,,,,
21,22699,,0.0,,296.0,,0.0012335777282714844,0.002338985214009881,,0.0,,42.78239059448242,32.33030700683594,,0.03355393186211586,,,,,,,,
21,22749,,0.0,,488.0,,0.0008830446749925613,0.002338985214009881,,0.0,,125.14839935302734,32.33030700683594,,0.02629978209733963,,,,,,,,
21,22799,,0.0,,481.0,,0.0014345446834340692,0.0009148182580247521,,0.0,,31.474634170532227,36.407203674316406,,0.0162358358502388,,,,,,,,
21,22849,,0.0,,481.0,,0.0011013748589903116,0.0009148182580247521,,0.0,,104.05900573730469,36.407203674316406,,0.01882793754339218,,,,,,,,
21,22899,,0.0,,263.0,,0.0005511444760486484,0.0009102402254939079,,0.0,,45.94755172729492,36.428993225097656,,0.030364271253347397,,,,,,,,
21,22949,,0.0,,439.0,,0.0021797060035169125,0.0009102402254939079,,0.0,,88.71464538574219,36.428993225097656,,0.04658551141619682,,,,,,,,
21,22999,,0.0,,377.0,,0.004548743367195129,0.0020994460210204124,,0.0,,47.321807861328125,32.79953384399414,,0.03446820005774498,,,,,,,,
21,23049,,0.0,,436.0,,0.001114620827138424,0.0020994460210204124,,0.0,,137.913818359375,32.79953384399414,,0.02466972917318344,,,,,,,,
21,23099,,0.0,,485.0,,0.0010503941448405385,0.0008766615064814687,,0.0,,161.30149841308594,36.59223175048828,,0.018790598958730698,,,,,,,,
21,23149,,0.0,,484.0,,0.0009949100203812122,0.0008766615064814687,,0.0,,107.70886993408203,36.59223175048828,,0.02235804870724678,,,,,,,,
21,23199,,0.0,,460.0,,0.0008865311392582953,0.0007678074762225151,,0.0,,98.70196533203125,37.16802215576172,,0.023914188146591187,,,,,,,,
21,23249,,0.0,,465.0,,0.0008022860274650156,0.0007678074762225151,,0.0,,30.367473602294922,37.16802215576172,,0.014423370361328125,,,,,,,,
21,23299,,0.0,,484.0,,0.0008179346332326531,0.0010865307413041592,,0.0,,118.14200592041016,35.66014099121094,,0.021313201636075974,,,,,,,,
21,23349,,0.0,,486.0,,0.0007608949672430754,0.0010865307413041592,,0.0,,110.64263916015625,35.66014099121094,,0.019756456837058067,,,,,,,,
21,23399,,0.0,,486.0,,0.0009959026938304305,0.004012806341052055,,0.0,,139.02255249023438,29.986106872558594,,0.026604607701301575,,,,,,,,
21,23449,,0.0,,423.0,,0.0008140950230881572,0.004012806341052055,,0.0,,102.65676879882812,29.986106872558594,,0.032340385019779205,,,,,,,,
21,23499,,0.0,,291.0,,0.004468102473765612,0.0011695849243551493,,0.0,,30.72564697265625,35.34024429321289,,0.0303475521504879,,,,,,,,
21,23549,,0.0,,453.0,,0.0008448594599030912,0.0011695849243551493,,0.0,,69.14825439453125,35.34024429321289,,0.018998989835381508,,,,,,,,
21,23599,,0.0,,449.0,,0.0014055254869163036,0.0030955937691032887,,0.0,,161.39552307128906,31.113147735595703,,0.040134601294994354,,,,,,,,
21,23649,,0.0,,477.0,,0.0007189105963334441,0.0030955937691032887,,0.0,,88.42674255371094,31.113147735595703,,0.023515792563557625,,,,,,,,
21,23699,,0.0,,478.0,,0.0008555706008337438,0.0013311393558979034,,0.0,,107.11933898925781,34.7783317565918,,0.028562653809785843,,,,,,,,
21,23737,,,,,,,,,,,,,,,84.52545928955078,432.7703552246094,0.0011768119875341654,0.0,99.5318374633789,32.48713302612305,0.037800177931785583,0.9663788080215454
21,23737,0.0,,428.9614562988281,,0.0011168781202286482,,,0.0,,94.41890716552734,,,0.02724558301270008,,,,,,,,,
22,23749,,0.0,,459.0,,0.0009206134709529579,0.0019867399241775274,,0.0,,104.72677612304688,33.03916931152344,,0.02767084166407585,,,,,,,,
22,23799,,0.0,,496.0,,0.0009941274765878916,0.0019867399241775274,,0.0,,144.36865234375,33.03916931152344,,0.018962817266583443,,,,,,,,
22,23849,,0.0,,361.0,,0.0011060676770284772,0.0008718426106497645,,0.0,,59.020599365234375,36.61616897583008,,0.04024852067232132,,,,,,,,
22,23899,,0.0,,491.0,,0.001525997999124229,0.0008718426106497645,,0.0,,129.11981201171875,36.61616897583008,,0.03697120398283005,,,,,,,,
22,23949,,0.0,,349.0,,0.0010436826851218939,0.0008692877017892897,,0.0,,51.816078186035156,36.6289176940918,,0.015911711379885674,,,,,,,,
22,23999,,0.0,,347.0,,0.0010156231001019478,0.0008692877017892897,,0.0,,73.5345458984375,36.6289176940918,,0.01805335283279419,,,,,,,,
22,24049,,0.0,,484.0,,0.0008210811647586524,0.0016625853022560477,,0.0,,113.45975494384766,33.81273651123047,,0.02157025970518589,,,,,,,,
22,24099,,0.0,,498.0,,0.0016364539042115211,0.0016625853022560477,,0.0,,156.48623657226562,33.81273651123047,,0.04082097113132477,,,,,,,,
22,24149,,0.0,,479.0,,0.0008696221630088985,0.0009137883316725492,,0.0,,100.32061767578125,36.4120979309082,,0.016672812402248383,,,,,,,,
22,24199,,0.0,,356.0,,0.0011793685844168067,0.0009137883316725492,,0.0,,64.47828674316406,36.4120979309082,,0.020886221900582314,,,,,,,,
22,24249,,0.0,,346.0,,0.0011086498852819204,0.0008970896014943719,,0.0,,52.59358215332031,36.49219512939453,,0.021345730870962143,,,,,,,,
22,24299,,0.0,,420.0,,0.0013311482034623623,0.0008970896014943719,,0.0,,116.71050262451172,36.49219512939453,,0.04495786130428314,,,,,,,,
22,24349,,0.0,,423.0,,0.0008377040503546596,0.0010310428915545344,,0.0,,97.78365325927734,35.88779067993164,,0.023880131542682648,,,,,,,,
22,24399,,0.0,,371.0,,0.0011578139383345842,0.0010310428915545344,,0.0,,65.64311218261719,35.88779067993164,,0.020010050386190414,,,,,,,,
22,24449,,0.0,,381.0,,0.001428031362593174,0.0032187188044190407,,0.0,,54.23115539550781,30.943758010864258,,0.03440159559249878,,,,,,,,
22,24499,,0.0,,427.0,,0.000918333069421351,0.0032187188044190407,,0.0,,124.31465911865234,30.943758010864258,,0.022542668506503105,,,,,,,,
22,24549,,0.0,,208.0,,0.0017157291295006871,0.0011560401180759072,,0.0,,39.41254425048828,35.390830993652344,,0.025770802050828934,,,,,,,,
22,24599,,0.0,,466.0,,0.0011951217893511057,0.0011560401180759072,,0.0,,16.1787166595459,35.390830993652344,,0.019291561096906662,,,,,,,,
22,24649,,0.0,,351.0,,0.0013883850770071149,0.00374035257846117,,0.0,,49.649051666259766,30.291461944580078,,0.034245625138282776,,,,,,,,
22,24699,,0.0,,344.0,,0.0013725787866860628,0.00374035257846117,,0.0,,53.16710662841797,30.291461944580078,,0.03334958478808403,,,,,,,,
22,24749,,0.0,,482.0,,0.0010979666840285063,0.0015401935670524836,,0.0,,116.60692596435547,34.14481735229492,,0.02215559408068657,,,,,,,,
22,24799,,0.0,,347.0,,0.0010786287020891905,0.0015401935670524836,,0.0,,72.34293365478516,34.14481735229492,,0.02557004615664482,,,,,,,,
22,24816,,,,,,,,,,,,,,,84.30049133300781,431.6185302734375,0.0011776020983234048,0.0,102.42620086669922,34.85206985473633,0.02729056589305401,0.9702146053314209
22,24816,0.0,,429.5788879394531,,0.001109635573811829,,,0.0,,95.34593200683594,,,0.026608359068632126,,,,,,,,,
23,24849,,0.0,,483.0,,0.0007504512905143201,0.001995192375034094,,0.0,,85.95738983154297,33.02073287963867,,0.018831493332982063,,,,,,,,
23,24899,,0.0,,384.0,,0.001253554248251021,0.001995192375034094,,0.0,,70.05294799804688,33.02073287963867,,0.01632871851325035,,,,,,,,
23,24949,,0.0,,366.0,,0.0011552846990525723,0.0009830311173573136,,0.0,,74.44464111328125,36.094886779785156,,0.029003962874412537,,,,,,,,
23,24999,,0.0,,477.0,,0.0006641415529884398,0.0009830311173573136,,0.0,,102.90666961669922,36.094886779785156,,0.01961365155875683,,,,,,,,
23,25049,,0.0,,426.0,,0.0007763176690787077,0.0008626115159131587,,0.0,,91.24153137207031,36.66239929199219,,0.02393733710050583,,,,,,,,
23,25099,,0.0,,351.0,,0.001446447568014264,0.0008626115159131587,,0.0,,38.2353401184082,36.66239929199219,,0.04034290462732315,,,,,,,,
23,25149,,0.0,,497.0,,0.0008297991589643061,0.0016607515281066298,,0.0,,94.62686920166016,33.817527770996094,,0.03238002955913544,,,,,,,,
23,25199,,0.0,,373.0,,0.0011648295912891626,0.0016607515281066298,,0.0,,71.42780303955078,33.817527770996094,,0.01842912659049034,,,,,,,,
23,25249,,0.0,,367.0,,0.0011847761925309896,0.0008118391851894557,,0.0,,45.303497314453125,36.925846099853516,,0.019310353323817253,,,,,,,,
23,25299,,0.0,,507.0,,0.0017829402349889278,0.0008118391851894557,,0.0,,179.85287475585938,36.925846099853516,,0.0460318922996521,,,,,,,,
23,25349,,0.0,,326.0,,0.0011362566146999598,0.0009405071614310145,,0.0,,40.23992919921875,36.28693389892578,,0.020182643085718155,,,,,,,,
23,25399,,0.0,,356.0,,0.0009714102488942444,0.0009405071614310145,,0.0,,47.35530471801758,36.28693389892578,,0.021375469863414764,,,,,,,,
23,25449,,0.0,,487.0,,0.0011842940002679825,0.0010697004618123174,,0.0,,96.45049285888672,35.72793960571289,,0.02730827033519745,,,,,,,,
23,25499,,0.0,,494.0,,0.0007378800073638558,0.0010697004618123174,,0.0,,123.07949829101562,35.72793960571289,,0.01910381019115448,,,,,,,,
23,25549,,0.0,,364.0,,0.000979790580458939,0.0032652919180691242,,0.0,,51.36332321166992,30.881366729736328,,0.02067149430513382,,,,,,,,
23,25599,,0.0,,483.0,,0.0009337000665254891,0.0032652919180691242,,0.0,,109.15866088867188,30.881366729736328,,0.01848001591861248,,,,,,,,
23,25649,,0.0,,500.0,,0.0011085938895121217,0.0015084529295563698,,0.0,,122.59947967529297,34.235252380371094,,0.038288675248622894,,,,,,,,
23,25699,,0.0,,473.0,,0.0006828900659456849,0.0015084529295563698,,0.0,,86.49971771240234,34.235252380371094,,0.02008857950568199,,,,,,,,
23,25749,,0.0,,357.0,,0.0015028693014755845,0.003399133449420333,,0.0,,55.92719268798828,30.706905364990234,,0.03226169943809509,,,,,,,,
23,25799,,0.0,,439.0,,0.0012160923797637224,0.003399133449420333,,0.0,,141.24362182617188,30.706905364990234,,0.03238433226943016,,,,,,,,
23,25849,,0.0,,303.0,,0.003510851878672838,0.0012636289466172457,,0.0,,34.357025146484375,35.004371643066406,,0.02534053847193718,,,,,,,,
23,25895,,,,,,,,,,,,,,,84.62818145751953,433.2962951660156,0.0011956541566178203,0.0,104.02800750732422,34.43644332885742,0.028714053332805634,0.9701510071754456
23,25895,0.0,,432.9880676269531,,0.0011323363287374377,,,0.0,,97.40735626220703,,,0.02622595615684986,,,,,,,,,
24,25899,,0.0,,355.0,,0.0012213122099637985,0.002031374257057905,,0.0,,59.1575927734375,32.94268035888672,,0.01928021013736725,,,,,,,,
24,25949,,0.0,,391.0,,0.001048658974468708,0.002031374257057905,,0.0,,61.41967010498047,32.94268035888672,,0.01754903793334961,,,,,,,,
24,25999,,0.0,,489.0,,0.001144488574936986,0.0008935088408179581,,0.0,,118.5472412109375,36.509559631347656,,0.020358581095933914,,,,,,,,
24,26049,,0.0,,442.0,,0.0006153074791654944,0.0008935088408179581,,0.0,,50.19089889526367,36.509559631347656,,0.030330117791891098,,,,,,,,
24,26099,,0.0,,491.0,,0.0007567935390397906,0.0008045758586376905,,0.0,,86.77423095703125,36.96487808227539,,0.021116241812705994,,,,,,,,
24,26149,,0.0,,499.0,,0.0010670230258256197,0.0008045758586376905,,0.0,,139.658935546875,36.96487808227539,,0.020102351903915405,,,,,,,,
24,26199,,0.0,,486.0,,0.0010202096309512854,0.0015734886983409524,,0.0,,142.4020538330078,34.051937103271484,,0.020356982946395874,,,,,,,,
24,26249,,0.0,,385.0,,0.0015004596207290888,0.0015734886983409524,,0.0,,82.3700942993164,34.051937103271484,,0.02163238823413849,,,,,,,,
24,26299,,0.0,,487.0,,0.0008496014052070677,0.0007820730097591877,,0.0,,114.57521057128906,37.088069915771484,,0.02497071772813797,,,,,,,,
24,26349,,0.0,,433.0,,0.0008904042188078165,0.0007820730097591877,,0.0,,127.72039794921875,37.088069915771484,,0.023795917630195618,,,,,,,,
24,26399,,0.0,,494.0,,0.0008935796795412898,0.0007029053522273898,,0.0,,117.00633239746094,37.551570892333984,,0.015672918409109116,,,,,,,,
24,26449,,0.0,,490.0,,0.0008489123429171741,0.0007029053522273898,,0.0,,152.0634307861328,37.551570892333984,,0.02201823890209198,,,,,,,,
24,26499,,0.0,,422.0,,0.002489860635250807,0.0009107487858273089,,0.0,,71.66908264160156,36.42656707763672,,0.03315839171409607,,,,,,,,
24,26549,,0.0,,493.0,,0.000859526451677084,0.0009107487858273089,,0.0,,96.018310546875,36.42656707763672,,0.019146185368299484,,,,,,,,
24,26599,,0.0,,483.0,,0.0007580459350720048,0.003123415634036064,,0.0,,92.99458312988281,31.074291229248047,,0.01959960162639618,,,,,,,,
24,26649,,0.0,,492.0,,0.0008750766864977777,0.003123415634036064,,0.0,,131.8440704345703,31.074291229248047,,0.019072577357292175,,,,,,,,
24,26699,,0.0,,485.0,,0.0010257457615807652,0.0012312480248510838,,0.0,,138.4537353515625,35.11710739135742,,0.023507140576839447,,,,,,,,
24,26749,,0.0,,377.0,,0.001119451131671667,0.0012312480248510838,,0.0,,72.23274230957031,35.11710739135742,,0.022769048810005188,,,,,,,,
24,26799,,0.0,,490.0,,0.0010759382275864482,0.0036614048294723034,,0.0,,158.11175537109375,30.384111404418945,,0.020616479218006134,,,,,,,,
24,26849,,0.0,,342.0,,0.0004799177695531398,0.0036614048294723034,,0.0,,27.175458908081055,30.384111404418945,,0.014298874884843826,,,,,,,,
24,26899,,0.0,,386.0,,0.001290854881517589,0.0012459277641028166,,0.0,,54.403682708740234,35.06563949584961,,0.019615907222032547,,,,,,,,
24,26949,,0.0,,489.0,,0.0010871031554415822,0.0012459277641028166,,0.0,,116.30023956298828,35.06563949584961,,0.017026932910084724,,,,,,,,
24,26974,,,,,,,,,,,,,,,85.51070404052734,437.8148193359375,0.0011600989382714033,0.0,106.12054443359375,34.98758316040039,0.026111921295523643,0.9729298949241638
24,26974,0.0,,435.35137939453125,,0.0011140399146825075,,,0.0,,99.04331970214844,,,0.026063190773129463,,,,,,,,,
25,26999,,0.0,,445.0,,0.0011656084097921848,0.0019709982443600893,,0.0,,172.86346435546875,33.07371520996094,,0.027622777968645096,,,,,,,,
25,27049,,0.0,,373.0,,0.0012285411357879639,0.0019709982443600893,,0.0,,67.9874267578125,33.07371520996094,,0.019944654777646065,,,,,,,,
25,27099,,0.0,,498.0,,0.0009906850755214691,0.0008529658662155271,,0.0,,104.0999526977539,36.71123123168945,,0.02099420502781868,,,,,,,,
25,27149,,0.0,,379.0,,0.0012213749578222632,0.0008529658662155271,,0.0,,65.77928924560547,36.71123123168945,,0.023589493706822395,,,,,,,,
25,27199,,0.0,,445.0,,0.0020286478102207184,0.0008874180493876338,,0.0,,76.67880249023438,36.53927230834961,,0.041064515709877014,,,,,,,,
25,27249,,0.0,,494.0,,0.0009562880732119083,0.0008874180493876338,,0.0,,120.61722564697266,36.53927230834961,,0.02057955041527748,,,,,,,,
25,27299,,0.0,,422.0,,0.0010687074391171336,0.002772339154034853,,0.0,,57.38493728637695,31.592121124267578,,0.02988702803850174,,,,,,,,
25,27349,,0.0,,487.0,,0.0009587633539922535,0.002772339154034853,,0.0,,150.33670043945312,31.592121124267578,,0.02718176692724228,,,,,,,,
25,27399,,0.0,,501.0,,0.0012731372844427824,0.0008128491463139653,,0.0,,148.6343231201172,36.920448303222656,,0.021781090646982193,,,,,,,,
25,27449,,0.0,,492.0,,0.001416291226632893,0.0008128491463139653,,0.0,,17.93267822265625,36.920448303222656,,0.014478376135230064,,,,,,,,
25,27499,,0.0,,483.0,,0.000702042831107974,0.0006990155670791864,,0.0,,88.61537170410156,37.5756721496582,,0.029141642153263092,,,,,,,,
25,27549,,0.0,,492.0,,0.0015204709488898516,0.0006990155670791864,,0.0,,112.74882507324219,37.5756721496582,,0.03308192268013954,,,,,,,,
25,27599,,0.0,,491.0,,0.000815532635897398,0.0008968011825345457,,0.0,,138.61373901367188,36.49359130859375,,0.017016250640153885,,,,,,,,
25,27649,,0.0,,488.0,,0.0008002447430044413,0.0008968011825345457,,0.0,,142.40884399414062,36.49359130859375,,0.016075002029538155,,,,,,,,
25,27699,,0.0,,496.0,,0.0012640974018722773,0.0030053406953811646,,0.0,,134.05697631835938,31.241649627685547,,0.026038208976387978,,,,,,,,
25,27749,,0.0,,448.0,,0.0011952199274674058,0.0030053406953811646,,0.0,,121.80525970458984,31.241649627685547,,0.02626143954694271,,,,,,,,
25,27799,,0.0,,454.0,,0.001050823600962758,0.0014353594742715359,,0.0,,151.60614013671875,34.45096206665039,,0.020610511302947998,,,,,,,,
25,27849,,0.0,,353.0,,0.0013578215148299932,0.0014353594742715359,,0.0,,64.93309783935547,34.45096206665039,,0.022635389119386673,,,,,,,,
25,27899,,0.0,,272.0,,0.0015222248621284962,0.0032827435061335564,,0.0,,53.53773880004883,30.858219146728516,,0.02464374154806137,,,,,,,,
25,27949,,0.0,,495.0,,0.0017661727033555508,0.0032827435061335564,,0.0,,125.60377502441406,30.858219146728516,,0.03617176041007042,,,,,,,,
25,27999,,0.0,,483.0,,0.0009661578806117177,0.0016677773091942072,,0.0,,113.77886962890625,33.7991943359375,,0.024127183482050896,,,,,,,,
25,28049,,0.0,,481.0,,0.0007115231128409505,0.0016677773091942072,,0.0,,127.6369400024414,33.7991943359375,,0.02104351669549942,,,,,,,,
25,28053,,,,,,,,,,,,,,,85.96715545654297,440.15185546875,0.0011766704265028238,0.0,105.6792984008789,34.80620574951172,0.027444960549473763,0.9716677069664001
25,28053,0.0,,437.6284484863281,,0.0011206874623894691,,,0.0,,101.0577621459961,,,0.025891952216625214,,,,,,,,,
26,28099,,0.0,,357.0,,0.0015106392093002796,0.0021129301749169827,,0.0,,52.779964447021484,32.771728515625,,0.024149440228939056,,,,,,,,
26,28149,,0.0,,490.0,,0.0007384216878563166,0.0021129301749169827,,0.0,,116.61770629882812,32.771728515625,,0.02931175008416176,,,,,,,,
26,28199,,0.0,,495.0,,0.0013342422898858786,0.0008680364117026329,,0.0,,171.9873504638672,36.635169982910156,,0.036366306245326996,,,,,,,,
26,28249,,0.0,,488.0,,0.0018877102993428707,0.0008680364117026329,,0.0,,28.458730697631836,36.635169982910156,,0.021498003974556923,,,,,,,,
26,28299,,0.0,,366.0,,0.0012064832262694836,0.000820100074633956,,0.0,,80.42478942871094,36.88188171386719,,0.0419500470161438,,,,,,,,
26,28349,,0.0,,488.0,,0.0007058567134663463,0.000820100074633956,,0.0,,114.6913070678711,36.88188171386719,,0.019434772431850433,,,,,,,,
26,28399,,0.0,,451.0,,0.000682115089148283,0.0017205601325258613,,0.0,,63.18287658691406,33.663875579833984,,0.015488291159272194,,,,,,,,
26,28449,,0.0,,355.0,,0.0012683719396591187,0.0017205601325258613,,0.0,,50.50216293334961,33.663875579833984,,0.019281158223748207,,,,,,,,
26,28499,,0.0,,491.0,,0.0010010270634666085,0.0008774178568273783,,0.0,,114.0849380493164,36.58848571777344,,0.01938943937420845,,,,,,,,
26,28549,,0.0,,354.0,,0.0012935216072946787,0.0008774178568273783,,0.0,,58.47923278808594,36.58848571777344,,0.02854604832828045,,,,,,,,
26,28599,,0.0,,441.0,,0.0013181471731513739,0.0007234609802253544,,0.0,,68.69329071044922,37.4263916015625,,0.022552061825990677,,,,,,,,
26,28649,,0.0,,325.0,,0.0009439566638320684,0.0007234609802253544,,0.0,,46.130279541015625,37.4263916015625,,0.02638380602002144,,,,,,,,
26,28699,,0.0,,337.0,,0.0010075448080897331,0.0008771261782385409,,0.0,,51.6748046875,36.58993148803711,,0.02043987438082695,,,,,,,,
26,28749,,0.0,,489.0,,0.0008969877380877733,0.0008771261782385409,,0.0,,143.08160400390625,36.58993148803711,,0.0249735489487648,,,,,,,,
26,28799,,0.0,,485.0,,0.0009972110856324434,0.0030267229303717613,,0.0,,146.3910369873047,31.210859298706055,,0.02538798749446869,,,,,,,,
26,28849,,0.0,,494.0,,0.0010254292283207178,0.0030267229303717613,,0.0,,171.0192413330078,31.210859298706055,,0.02081874944269657,,,,,,,,
26,28899,,0.0,,429.0,,0.0008186274208128452,0.0011505067814141512,,0.0,,100.54771423339844,35.41167068481445,,0.02247988060116768,,,,,,,,
26,28949,,0.0,,495.0,,0.001005701720714569,0.0011505067814141512,,0.0,,164.0510711669922,35.41167068481445,,0.026919126510620117,,,,,,,,
26,28999,,0.0,,459.0,,0.0010150253074243665,0.0030317124910652637,,0.0,,89.11003875732422,31.203706741333008,,0.030129892751574516,,,,,,,,
26,29049,,0.0,,486.0,,0.0007222416461445391,0.0030317124910652637,,0.0,,111.94206237792969,31.203706741333008,,0.021086812019348145,,,,,,,,
26,29099,,0.0,,498.0,,0.0012730967719107866,0.0014162283623591065,,0.0,,156.8199005126953,34.50923538208008,,0.026751767843961716,,,,,,,,
26,29132,,,,,,,,,,,,,,,86.06192016601562,440.63702392578125,0.0012082577450200915,0.0,110.94906616210938,33.98683166503906,0.03078642673790455,0.9695454835891724
26,29132,0.0,,439.4266052246094,,0.0011126858880743384,,,0.0,,102.80461883544922,,,0.025637084618210793,,,,,,,,,
27,29149,,0.0,,495.0,,0.0011145580792799592,0.0018910591024905443,,0.0,,115.55220794677734,33.25352478027344,,0.02687576785683632,,,,,,,,
27,29199,,0.0,,492.0,,0.000846223789267242,0.0018910591024905443,,0.0,,137.90988159179688,33.25352478027344,,0.02405717968940735,,,,,,,,
27,29249,,0.0,,511.0,,0.0016263527795672417,0.0008947434253059328,,0.0,,37.48643493652344,36.503570556640625,,0.018815455958247185,,,,,,,,
27,29299,,0.0,,496.0,,0.0008366417605429888,0.0008947434253059328,,0.0,,132.1002655029297,36.503570556640625,,0.016921665519475937,,,,,,,,
27,29349,,0.0,,503.0,,0.0013450476108118892,0.001280970056541264,,0.0,,125.35552978515625,34.94517517089844,,0.03976835310459137,,,,,,,,
27,29399,,0.0,,416.0,,0.0010477353353053331,0.001280970056541264,,0.0,,51.57705307006836,34.94517517089844,,0.023086372762918472,,,,,,,,
27,29449,,0.0,,491.0,,0.0010702279396355152,0.0018055265536531806,,0.0,,185.31947326660156,33.45453643798828,,0.022396646440029144,,,,,,,,
27,29499,,0.0,,484.0,,0.0009257126366719604,0.0018055265536531806,,0.0,,140.9685516357422,33.45453643798828,,0.030036767944693565,,,,,,,,
27,29549,,0.0,,376.0,,0.0010851930128410459,0.0007572902250103652,,0.0,,71.44384765625,37.22792053222656,,0.02408483251929283,,,,,,,,
27,29599,,0.0,,482.0,,0.0008760604541748762,0.0007572902250103652,,0.0,,114.1935806274414,37.22792053222656,,0.031663425266742706,,,,,,,,
27,29649,,0.0,,389.0,,0.000987961539067328,0.0006606096867471933,,0.0,,75.46834564208984,37.82108688354492,,0.028706079348921776,,,,,,,,
27,29699,,0.0,,492.0,,0.0013980921357870102,0.0006606096867471933,,0.0,,20.81739044189453,37.82108688354492,,0.016245806589722633,,,,,,,,
27,29749,,0.0,,483.0,,0.001030780840665102,0.000911341980099678,,0.0,,109.56902313232422,36.42374038696289,,0.02391936257481575,,,,,,,,
27,29799,,0.0,,491.0,,0.0012117131846025586,0.000911341980099678,,0.0,,106.94183349609375,36.42374038696289,,0.027000971138477325,,,,,,,,
27,29849,,0.0,,496.0,,0.0010984113905578852,0.002875944599509239,,0.0,,98.21867370605469,31.432781219482422,,0.0257523525506258,,,,,,,,
27,29899,,0.0,,445.0,,0.0010766254272311926,0.002875944599509239,,0.0,,136.76959228515625,31.432781219482422,,0.02071629837155342,,,,,,,,
27,29949,,0.0,,479.0,,0.0006792196072638035,0.0009128380916081369,,0.0,,99.8350601196289,36.41661834716797,,0.018468253314495087,,,,,,,,
27,29999,,0.0,,442.0,,0.0018624477088451385,0.0009128380916081369,,0.0,,92.81968688964844,36.41661834716797,,0.04319602623581886,,,,,,,,
27,30049,,0.0,,390.0,,0.001411253702826798,0.0036247915122658014,,0.0,,91.41865539550781,30.427757263183594,,0.02504364401102066,,,,,,,,
27,30099,,0.0,,439.0,,0.0010513204615563154,0.0036247915122658014,,0.0,,127.9039077758789,30.427757263183594,,0.024853482842445374,,,,,,,,
27,30149,,0.0,,481.0,,0.0009258876089006662,0.0014036957873031497,,0.0,,139.9566650390625,34.5478401184082,,0.024297725409269333,,,,,,,,
27,30199,,0.0,,501.0,,0.0019566244445741177,0.0014036957873031497,,0.0,,185.14369201660156,34.5478401184082,,0.036160148680210114,,,,,,,,
27,30211,,,,,,,,,,,,,,,86.68836975097656,443.8444519042969,0.00115068384911865,0.0,110.195068359375,34.0085334777832,0.031153524294495583,0.9750305414199829
27,30211,0.0,,441.00732421875,,0.0011084784055128694,,,0.0,,104.6591796875,,,0.02560572326183319,,,,,,,,,
28,30249,,0.0,,384.0,,0.0012159496545791626,0.0019904696382582188,,0.0,,83.49430847167969,33.03102493286133,,0.017000563442707062,,,,,,,,
28,30299,,0.0,,494.0,,0.000930880312807858,0.0019904696382582188,,0.0,,150.97679138183594,33.03102493286133,,0.01751348376274109,,,,,,,,
28,30349,,0.0,,371.0,,0.0010345332557335496,0.0008550468483008444,,0.0,,68.14171600341797,36.70064926147461,,0.020089223980903625,,,,,,,,
28,30399,,0.0,,439.0,,0.0013331002555787563,0.0008550468483008444,,0.0,,86.52678680419922,36.70064926147461,,0.032245367765426636,,,,,,,,
28,30449,,0.0,,450.0,,0.0010604106355458498,0.0010036887833848596,,0.0,,153.72508239746094,36.00456619262695,,0.02182963117957115,,,,,,,,
28,30499,,0.0,,500.0,,0.001385049195960164,0.0010036887833848596,,0.0,,198.8580322265625,36.00456619262695,,0.04529986530542374,,,,,,,,
28,30549,,0.0,,435.0,,0.0006899732397869229,0.0015909483190625906,,0.0,,55.465457916259766,34.00401306152344,,0.014928381890058517,,,,,,,,
28,30599,,0.0,,402.0,,0.0016037551686167717,0.0015909483190625906,,0.0,,78.58775329589844,34.00401306152344,,0.0384078323841095,,,,,,,,
28,30649,,0.0,,486.0,,0.0009448101627640426,0.0007553668692708015,,0.0,,133.9451446533203,37.23896408081055,,0.020249083638191223,,,,,,,,
28,30699,,0.0,,495.0,,0.0008707927772775292,0.0007553668692708015,,0.0,,110.8224868774414,37.23896408081055,,0.024287503212690353,,,,,,,,
28,30749,,0.0,,494.0,,0.0009420441347174346,0.0006569642573595047,,0.0,,141.31529235839844,37.845115661621094,,0.027443505823612213,,,,,,,,
28,30799,,0.0,,442.0,,0.0019302732544019818,0.0006569642573595047,,0.0,,96.30406951904297,37.845115661621094,,0.035109519958496094,,,,,,,,
28,30849,,0.0,,497.0,,0.001268543303012848,0.0010828645899891853,,0.0,,136.78955078125,35.67481994628906,,0.038017623126506805,,,,,,,,
28,30899,,0.0,,440.0,,0.000947646563872695,0.0010828645899891853,,0.0,,112.12491607666016,35.67481994628906,,0.029482243582606316,,,,,,,,
28,30949,,0.0,,497.0,,0.001288269180804491,0.0026553887873888016,,0.0,,130.83795166015625,31.77930450439453,,0.025061070919036865,,,,,,,,
28,30999,,0.0,,438.0,,0.001031871885061264,0.0026553887873888016,,0.0,,130.98703002929688,31.77930450439453,,0.020202945917844772,,,,,,,,
28,31049,,0.0,,499.0,,0.0013597824145108461,0.0010850345715880394,,0.0,,99.65361022949219,35.66612243652344,,0.028198610991239548,,,,,,,,
28,31099,,0.0,,485.0,,0.0015876000979915261,0.0010850345715880394,,0.0,,115.07054901123047,35.66612243652344,,0.03048263117671013,,,,,,,,
28,31149,,0.0,,494.0,,0.0008233595290221274,0.0026600146666169167,,0.0,,133.05755615234375,31.771745681762695,,0.016927864402532578,,,,,,,,
28,31199,,0.0,,493.0,,0.0009134641150012612,0.0026600146666169167,,0.0,,113.87189483642578,31.771745681762695,,0.017357580363750458,,,,,,,,
28,31249,,0.0,,497.0,,0.0009004798484966159,0.0013904024381190538,,0.0,,127.87604522705078,34.58916473388672,,0.024736933410167694,,,,,,,,
28,31290,,,,,,,,,,,,,,,86.36212158203125,442.174072265625,0.001138012856245041,0.0,111.91952514648438,35.78982925415039,0.023657413199543953,0.9760120511054993
28,31290,0.0,,442.94677734375,,0.0011147505138069391,,,0.0,,106.48827362060547,,,0.025141485035419464,,,,,,,,,
29,31299,,0.0,,499.0,,0.0015114563284441829,0.0018567442893981934,,0.0,,123.72482299804688,33.33305740356445,,0.030983466655015945,,,,,,,,
29,31349,,0.0,,500.0,,0.0009936434216797352,0.0018567442893981934,,0.0,,139.8186492919922,33.33305740356445,,0.022469155490398407,,,,,,,,
29,31399,,0.0,,377.0,,0.00114267913158983,0.0009103515767492354,,0.0,,56.986656188964844,36.428462982177734,,0.02029113657772541,,,,,,,,
29,31449,,0.0,,449.0,,0.0009274356416426599,0.0009103515767492354,,0.0,,65.69422149658203,36.428462982177734,,0.03500862792134285,,,,,,,,
29,31499,,0.0,,409.0,,0.0013014748692512512,0.0009252254385501146,,0.0,,89.71087646484375,36.35807800292969,,0.024324705824255943,,,,,,,,
29,31549,,0.0,,392.0,,0.0011353902518749237,0.0009252254385501146,,0.0,,74.56848907470703,36.35807800292969,,0.027947476133704185,,,,,,,,
29,31599,,0.0,,340.0,,0.0011188978096470237,0.0017970481421798468,,0.0,,65.52571105957031,33.474979400634766,,0.02549496665596962,,,,,,,,
29,31649,,0.0,,499.0,,0.001178996404632926,0.0017970481421798468,,0.0,,123.71892547607422,33.474979400634766,,0.027273127809166908,,,,,,,,
29,31699,,0.0,,494.0,,0.000903103849850595,0.0007234463118948042,,0.0,,136.5486297607422,37.426475524902344,,0.021714355796575546,,,,,,,,
29,31749,,0.0,,489.0,,0.0012471465161070228,0.0007234463118948042,,0.0,,129.37359619140625,37.426475524902344,,0.026897583156824112,,,,,,,,
29,31799,,0.0,,477.0,,0.0008007648284547031,0.0006722133839502931,,0.0,,126.22164154052734,37.74546813964844,,0.030653856694698334,,,,,,,,
29,31849,,0.0,,494.0,,0.0008760788477957249,0.0006722133839502931,,0.0,,145.94163513183594,37.74546813964844,,0.022030459716916084,,,,,,,,
29,31899,,0.0,,436.0,,0.0011806919937953353,0.0008531445637345314,,0.0,,137.3436737060547,36.710323333740234,,0.02447904273867607,,,,,,,,
29,31949,,0.0,,381.0,,0.0009997985325753689,0.0008531445637345314,,0.0,,89.59297180175781,36.710323333740234,,0.02026938833296299,,,,,,,,
29,31999,,0.0,,382.0,,0.0011494606733322144,0.002441596705466509,,0.0,,84.76835632324219,32.14384460449219,,0.022372988983988762,,,,,,,,
29,32049,,0.0,,375.0,,0.0008744699298404157,0.002441596705466509,,0.0,,49.135955810546875,32.14384460449219,,0.021405698731541634,,,,,,,,
29,32099,,0.0,,497.0,,0.0007659161929041147,0.0008519788971170783,,0.0,,117.55718231201172,36.71626281738281,,0.017159761860966682,,,,,,,,
29,32149,,0.0,,438.0,,0.0010011205449700356,0.0008519788971170783,,0.0,,69.97342681884766,36.71626281738281,,0.027536766603589058,,,,,,,,
29,32199,,0.0,,499.0,,0.0007420582114718854,0.002627159468829632,,0.0,,105.51343536376953,31.82571792602539,,0.016651049256324768,,,,,,,,
29,32249,,0.0,,491.0,,0.0010855841683223844,0.002627159468829632,,0.0,,113.64493560791016,31.82571792602539,,0.019532009959220886,,,,,,,,
29,32299,,0.0,,482.0,,0.0008390374714508653,0.001376986620016396,,0.0,,135.43516540527344,34.63127136230469,,0.02192634344100952,,,,,,,,
29,32349,,0.0,,490.0,,0.000839637010358274,0.001376986620016396,,0.0,,112.33260345458984,34.63127136230469,,0.019032593816518784,,,,,,,,
29,32369,,,,,,,,,,,,,,,86.89091491699219,444.8814697265625,0.0011588343186303973,0.0,114.71600341796875,35.32320785522461,0.025075973942875862,0.971358597278595
29,32369,0.0,,444.5201721191406,,0.0011034626513719559,,,0.0,,108.15885925292969,,,0.02482428587973118,,,,,,,,,
